"DATETIME","CFFEX.T.2015.09.CLOSE","CFFEX.T.2015.09.SETTLE","CFFEX.T.2015.09.VOLUME","CFFEX.T.2015.12.CLOSE","CFFEX.T.2015.12.SETTLE","CFFEX.T.2015.12.VOLUME","CFFEX.T.2016.03.CLOSE","CFFEX.T.2016.03.SETTLE","CFFEX.T.2016.03.VOLUME","CFFEX.T.2016.06.CLOSE","CFFEX.T.2016.06.SETTLE","CFFEX.T.2016.06.VOLUME","CFFEX.T.2016.09.CLOSE","CFFEX.T.2016.09.SETTLE","CFFEX.T.2016.09.VOLUME","CFFEX.T.2016.12.CLOSE","CFFEX.T.2016.12.SETTLE","CFFEX.T.2016.12.VOLUME"
"2015-03-20",97.09,97.05,3332,97.44,97.5,63,97.79,97.7,22,NA,NA,NA,NA,NA,NA,NA,NA,NA
"2015-03-23",97.02,96.96,1386,97.435,97.405,0,97.1,97.1,1,NA,NA,NA,NA,NA,NA,NA,NA,NA
"2015-03-24",96.92,96.91,1380,97.435,97.355,0,97.58,97.58,3,NA,NA,NA,NA,NA,NA,NA,NA,NA
"2015-03-25",96.85,96.84,1234,97.5,97.495,9,97.58,97.51,0,NA,NA,NA,NA,NA,NA,NA,NA,NA
"2015-03-26",96.37,96.42,1073,97,97,4,97.58,97.09,0,NA,NA,NA,NA,NA,NA,NA,NA,NA
"2015-03-27",96.49,96.375,1792,96.835,96.93,3,97.275,97.13,4,NA,NA,NA,NA,NA,NA,NA,NA,NA
"2015-03-30",96.16,96.09,1153,96.675,96.675,5,97.2,97.265,12,NA,NA,NA,NA,NA,NA,NA,NA,NA
"2015-03-31",95.65,95.71,2327,96.145,96.11,9,97.2,96.885,0,NA,NA,NA,NA,NA,NA,NA,NA,NA
"2015-04-01",96.095,95.99,673,96.145,96.39,0,97.2,97.165,0,NA,NA,NA,NA,NA,NA,NA,NA,NA
"2015-04-02",96.32,96.29,1011,96.695,96.695,1,97.2,97.465,0,NA,NA,NA,NA,NA,NA,NA,NA,NA
"2015-04-03",96.01,96.09,1099,96.695,96.495,0,97.2,97.265,0,NA,NA,NA,NA,NA,NA,NA,NA,NA
"2015-04-07",95.93,95.98,831,96.4,96.4,6,97.2,97.2,3,NA,NA,NA,NA,NA,NA,NA,NA,NA
"2015-04-08",95.16,95.23,2904,95.55,95.59,34,96.83,96.64,6,NA,NA,NA,NA,NA,NA,NA,NA,NA
"2015-04-09",95.265,95.24,1389,95.76,95.76,14,96.2,96.2,13,NA,NA,NA,NA,NA,NA,NA,NA,NA
"2015-04-10",95.19,95.21,1073,95.76,95.73,0,96.2,96.17,0,NA,NA,NA,NA,NA,NA,NA,NA,NA
"2015-04-13",95.63,95.62,1895,95.8,95.8,6,96.38,96.38,4,NA,NA,NA,NA,NA,NA,NA,NA,NA
"2015-04-14",95.57,95.73,1718,96.3,96.3,1,96.7,96.7,4,NA,NA,NA,NA,NA,NA,NA,NA,NA
"2015-04-15",96.15,96.04,2148,96.415,96.415,11,96.88,96.88,10,NA,NA,NA,NA,NA,NA,NA,NA,NA
"2015-04-16",96.18,96.175,1436,96.415,96.55,0,96.88,97.015,0,NA,NA,NA,NA,NA,NA,NA,NA,NA
"2015-04-17",96.3,96.285,1613,96.8,96.8,1,96.88,97.125,0,NA,NA,NA,NA,NA,NA,NA,NA,NA
"2015-04-20",97.25,97.205,3213,97.695,97.565,7,98.395,97.945,16,NA,NA,NA,NA,NA,NA,NA,NA,NA
"2015-04-21",97.39,97.48,4962,98.085,98.085,12,98.395,98.22,0,NA,NA,NA,NA,NA,NA,NA,NA,NA
"2015-04-22",97.42,97.46,2962,97.805,97.805,10,98.1,98.1,3,NA,NA,NA,NA,NA,NA,NA,NA,NA
"2015-04-23",97.34,97.275,2288,97.62,97.62,19,97.7,97.7,2,NA,NA,NA,NA,NA,NA,NA,NA,NA
"2015-04-24",97.03,97.005,2110,97.35,97.41,3,98.06,97.71,3,NA,NA,NA,NA,NA,NA,NA,NA,NA
"2015-04-27",97.76,97.765,3257,98.1,98.115,17,98.205,98.205,1,NA,NA,NA,NA,NA,NA,NA,NA,NA
"2015-04-28",97.74,97.71,1621,98.285,98.285,2,98.25,98.25,1,NA,NA,NA,NA,NA,NA,NA,NA,NA
"2015-04-29",97.69,97.7,2235,98.09,98.09,1,98.25,98.24,0,NA,NA,NA,NA,NA,NA,NA,NA,NA
"2015-04-30",97.955,98.025,3925,98.325,98.32,29,98.47,98.505,15,NA,NA,NA,NA,NA,NA,NA,NA,NA
"2015-05-04",97.6,97.62,2688,98.005,98.025,6,98.47,98.1,0,NA,NA,NA,NA,NA,NA,NA,NA,NA
"2015-05-05",97.505,97.525,3812,98.005,97.93,0,98.095,98.095,1,NA,NA,NA,NA,NA,NA,NA,NA,NA
"2015-05-06",97.155,97.195,5874,97.48,97.54,15,97.825,97.89,2,NA,NA,NA,NA,NA,NA,NA,NA,NA
"2015-05-07",97.2,97.195,3897,97.6,97.6,17,97.995,97.995,1,NA,NA,NA,NA,NA,NA,NA,NA,NA
"2015-05-08",97.45,97.515,3756,97.95,97.92,5,97.995,98.315,0,NA,NA,NA,NA,NA,NA,NA,NA,NA
"2015-05-11",97.32,97.365,4854,97.895,97.82,21,98.1,98.1,1,NA,NA,NA,NA,NA,NA,NA,NA,NA
"2015-05-12",96.99,96.985,3199,97.48,97.465,2,97.865,97.865,2,NA,NA,NA,NA,NA,NA,NA,NA,NA
"2015-05-13",97.225,97.275,4272,97.7,97.7,6,98.175,98.175,7,NA,NA,NA,NA,NA,NA,NA,NA,NA
"2015-05-14",97.1,97.12,3794,97.805,97.82,17,98.175,98.02,0,NA,NA,NA,NA,NA,NA,NA,NA,NA
"2015-05-15",97.185,97.16,2400,97.71,97.705,10,98.175,98.06,0,NA,NA,NA,NA,NA,NA,NA,NA,NA
"2015-05-18",96.705,96.845,5051,97.32,97.345,17,97.7,97.67,7,NA,NA,NA,NA,NA,NA,NA,NA,NA
"2015-05-19",96.56,96.555,3680,97.145,97.135,113,97.545,97.605,3,NA,NA,NA,NA,NA,NA,NA,NA,NA
"2015-05-20",96.88,96.85,2667,97.345,97.31,39,97.875,97.875,2,NA,NA,NA,NA,NA,NA,NA,NA,NA
"2015-05-21",96.675,96.69,2358,97.21,97.295,206,97.875,97.715,0,NA,NA,NA,NA,NA,NA,NA,NA,NA
"2015-05-22",96.74,96.71,1866,97.39,97.345,201,97.875,97.735,0,NA,NA,NA,NA,NA,NA,NA,NA,NA
"2015-05-25",96.52,96.505,1849,97.1,97.12,37,97.875,97.53,0,NA,NA,NA,NA,NA,NA,NA,NA,NA
"2015-05-26",95.66,95.57,5483,96.21,96.32,410,97.165,96.98,4,NA,NA,NA,NA,NA,NA,NA,NA,NA
"2015-05-27",95.8,95.77,3064,96.32,96.26,121,97.165,97.18,0,NA,NA,NA,NA,NA,NA,NA,NA,NA
"2015-05-28",95,95.085,4455,95.775,95.645,178,96.115,96.115,1,NA,NA,NA,NA,NA,NA,NA,NA,NA
"2015-05-29",94.92,94.945,3040,95.5,95.5,75,96.115,95.975,0,NA,NA,NA,NA,NA,NA,NA,NA,NA
"2015-06-01",94.215,94.14,6745,94.765,94.695,186,95.555,95.145,14,NA,NA,NA,NA,NA,NA,NA,NA,NA
"2015-06-02",94.99,94.76,5862,95.56,95.28,79,95.385,95.47,2,NA,NA,NA,NA,NA,NA,NA,NA,NA
"2015-06-03",95.06,94.96,4222,95.6,95.59,134,95.9,95.9,8,NA,NA,NA,NA,NA,NA,NA,NA,NA
"2015-06-04",94.91,94.92,3583,95.47,95.405,244,95.91,95.91,2,NA,NA,NA,NA,NA,NA,NA,NA,NA
"2015-06-05",95.3,95.31,3191,95.88,95.83,210,95.785,96.09,2,NA,NA,NA,NA,NA,NA,NA,NA,NA
"2015-06-08",95.56,95.565,2907,96.08,96.08,386,95.785,96.345,0,NA,NA,NA,NA,NA,NA,NA,NA,NA
"2015-06-09",95.475,95.49,2655,96.075,96.075,151,96.2,96.2,8,NA,NA,NA,NA,NA,NA,NA,NA,NA
"2015-06-10",94.98,95.065,3430,95.535,95.59,144,96.18,96.18,1,NA,NA,NA,NA,NA,NA,NA,NA,NA
"2015-06-11",94.83,94.91,2901,95.39,95.48,190,96.16,96.135,4,NA,NA,NA,NA,NA,NA,NA,NA,NA
"2015-06-12",94.62,94.635,3902,95.16,95.21,277,95.585,95.595,2,NA,NA,NA,NA,NA,NA,NA,NA,NA
"2015-06-15",94.205,94.25,2210,94.8,94.805,28,95.585,95.21,0,NA,NA,NA,NA,NA,NA,NA,NA,NA
"2015-06-16",95.13,95.015,5417,95.58,95.52,205,95.605,95.525,8,NA,NA,NA,NA,NA,NA,NA,NA,NA
"2015-06-17",94.96,94.92,2832,95.425,95.44,44,95.975,95.975,3,NA,NA,NA,NA,NA,NA,NA,NA,NA
"2015-06-18",95.25,95.25,2793,95.795,95.765,74,95.975,96.305,0,NA,NA,NA,NA,NA,NA,NA,NA,NA
"2015-06-19",95.02,94.995,2432,95.49,95.495,39,95.99,95.99,3,NA,NA,NA,NA,NA,NA,NA,NA,NA
"2015-06-23",94.91,94.96,2443,95.46,95.475,113,95.8,95.8,5,NA,NA,NA,NA,NA,NA,NA,NA,NA
"2015-06-24",94.885,94.885,1428,95.4,95.39,82,95.8,95.725,0,NA,NA,NA,NA,NA,NA,NA,NA,NA
"2015-06-25",94.8,94.775,3771,95.26,95.255,76,96,96,1,NA,NA,NA,NA,NA,NA,NA,NA,NA
"2015-06-26",94.715,94.72,3073,95.205,95.22,54,96,95.945,0,NA,NA,NA,NA,NA,NA,NA,NA,NA
"2015-06-29",94.535,94.47,4982,95.055,94.955,97,95.35,95.35,1,NA,NA,NA,NA,NA,NA,NA,NA,NA
"2015-06-30",94.755,94.76,2107,95.21,95.21,47,95.35,95.64,0,NA,NA,NA,NA,NA,NA,NA,NA,NA
"2015-07-01",94.645,94.675,1235,95.13,95.18,122,95.35,95.555,0,NA,NA,NA,NA,NA,NA,NA,NA,NA
"2015-07-02",94.61,94.64,1291,95.035,95.03,69,95.35,95.52,0,NA,NA,NA,NA,NA,NA,NA,NA,NA
"2015-07-03",95.22,95.195,3612,95.6,95.6,211,95.35,96.075,0,NA,NA,NA,NA,NA,NA,NA,NA,NA
"2015-07-06",95.92,95.915,3811,96.285,96.295,172,96.365,96.795,6,NA,NA,NA,NA,NA,NA,NA,NA,NA
"2015-07-07",96.28,96.235,3236,96.845,96.715,277,96.365,97.115,0,NA,NA,NA,NA,NA,NA,NA,NA,NA
"2015-07-08",95.8,95.635,8839,96.4,96.27,351,96.7,96.805,7,NA,NA,NA,NA,NA,NA,NA,NA,NA
"2015-07-09",96.15,96.21,4365,96.7,96.8,268,96.7,97.38,0,NA,NA,NA,NA,NA,NA,NA,NA,NA
"2015-07-10",95.95,95.92,2668,96.485,96.41,295,96.9,96.87,125,NA,NA,NA,NA,NA,NA,NA,NA,NA
"2015-07-13",95.72,95.76,2941,96.385,96.355,188,96.9,96.9,102,NA,NA,NA,NA,NA,NA,NA,NA,NA
"2015-07-14",95.575,95.59,2819,96.075,96.125,178,96.57,96.585,114,NA,NA,NA,NA,NA,NA,NA,NA,NA
"2015-07-15",95.445,95.43,4830,95.87,95.86,612,96.5,96.46,243,NA,NA,NA,NA,NA,NA,NA,NA,NA
"2015-07-16",95.75,95.7,2096,96.2,96.16,238,96.54,96.52,235,NA,NA,NA,NA,NA,NA,NA,NA,NA
"2015-07-17",95.8,95.775,2088,96.26,96.2,403,96.525,96.505,230,NA,NA,NA,NA,NA,NA,NA,NA,NA
"2015-07-20",95.75,95.765,1501,96.22,96.21,189,96.54,96.505,189,NA,NA,NA,NA,NA,NA,NA,NA,NA
"2015-07-21",95.54,95.58,2456,95.98,96.03,168,96.255,96.31,179,NA,NA,NA,NA,NA,NA,NA,NA,NA
"2015-07-22",95.63,95.63,1755,96.045,96.055,178,96.31,96.33,38,NA,NA,NA,NA,NA,NA,NA,NA,NA
"2015-07-23",95.91,95.895,2422,96.335,96.375,466,96.7,96.675,184,NA,NA,NA,NA,NA,NA,NA,NA,NA
"2015-07-24",95.86,95.895,2769,96.36,96.345,384,96.7,96.68,43,NA,NA,NA,NA,NA,NA,NA,NA,NA
"2015-07-27",96.04,95.955,1795,96.45,96.405,365,96.69,96.69,18,NA,NA,NA,NA,NA,NA,NA,NA,NA
"2015-07-28",96.03,96.05,2517,96.5,96.54,690,96.76,96.79,91,NA,NA,NA,NA,NA,NA,NA,NA,NA
"2015-07-29",96.11,96.105,1653,96.55,96.55,544,96.835,96.835,12,NA,NA,NA,NA,NA,NA,NA,NA,NA
"2015-07-30",95.98,96,1750,96.44,96.485,695,96.8,96.795,40,NA,NA,NA,NA,NA,NA,NA,NA,NA
"2015-07-31",95.545,95.545,3591,96.045,96.04,1082,96.31,96.335,57,NA,NA,NA,NA,NA,NA,NA,NA,NA
"2015-08-03",95.555,95.545,2937,96.03,96.015,1131,96.38,96.36,111,NA,NA,NA,NA,NA,NA,NA,NA,NA
"2015-08-04",95.71,95.69,2411,96.125,96.115,1674,96.58,96.59,83,NA,NA,NA,NA,NA,NA,NA,NA,NA
"2015-08-05",95.605,95.595,2097,96.01,95.99,988,96.37,96.375,204,NA,NA,NA,NA,NA,NA,NA,NA,NA
"2015-08-06",95.875,95.76,1949,96.205,96.155,1077,96.6,96.56,209,NA,NA,NA,NA,NA,NA,NA,NA,NA
"2015-08-07",95.915,95.825,2397,96.25,96.16,1499,96.715,96.61,314,NA,NA,NA,NA,NA,NA,NA,NA,NA
"2015-08-10",95.675,95.655,2362,95.975,95.985,1495,96.45,96.49,223,NA,NA,NA,NA,NA,NA,NA,NA,NA
"2015-08-11",95.19,95.23,3576,95.455,95.5,2085,95.94,95.99,323,NA,NA,NA,NA,NA,NA,NA,NA,NA
"2015-08-12",95.33,95.27,3719,95.615,95.55,3483,96.125,96.01,310,NA,NA,NA,NA,NA,NA,NA,NA,NA
"2015-08-13",95.325,95.325,1660,95.52,95.505,1843,95.98,95.995,158,NA,NA,NA,NA,NA,NA,NA,NA,NA
"2015-08-14",95.475,95.405,2421,95.64,95.615,2725,96.115,96.1,319,NA,NA,NA,NA,NA,NA,NA,NA,NA
"2015-08-17",95.12,95.135,3227,95.32,95.35,2941,95.775,95.815,38,NA,NA,NA,NA,NA,NA,NA,NA,NA
"2015-08-18",95.505,95.425,3189,95.485,95.43,3399,95.9,95.87,128,NA,NA,NA,NA,NA,NA,NA,NA,NA
"2015-08-19",95.465,95.45,1823,95.37,95.36,3266,95.65,95.665,214,NA,NA,NA,NA,NA,NA,NA,NA,NA
"2015-08-20",95.45,95.455,1073,95.45,95.43,1669,95.7,95.805,38,NA,NA,NA,NA,NA,NA,NA,NA,NA
"2015-08-21",95.49,95.495,1127,95.52,95.525,2469,95.75,95.725,136,NA,NA,NA,NA,NA,NA,NA,NA,NA
"2015-08-24",95.79,95.755,1557,95.785,95.75,3501,95.945,95.91,140,NA,NA,NA,NA,NA,NA,NA,NA,NA
"2015-08-25",96.04,96.025,523,95.8,95.775,3124,95.92,95.905,233,NA,NA,NA,NA,NA,NA,NA,NA,NA
"2015-08-26",96.375,96.38,744,96.005,95.98,4123,96.085,96.085,208,NA,NA,NA,NA,NA,NA,NA,NA,NA
"2015-08-27",96.8,96.745,286,96.4,96.325,3555,96.33,96.35,249,NA,NA,NA,NA,NA,NA,NA,NA,NA
"2015-08-28",96.955,96.8,235,96.255,96.265,4111,96.295,96.295,237,NA,NA,NA,NA,NA,NA,NA,NA,NA
"2015-08-31",97,96.995,97,96.76,96.755,4998,96.66,96.63,359,NA,NA,NA,NA,NA,NA,NA,NA,NA
"2015-09-01",97,97.14,0,96.915,96.9,3789,96.84,96.805,683,NA,NA,NA,NA,NA,NA,NA,NA,NA
"2015-09-02",97.5,97.5,43,96.62,96.6,3455,96.635,96.675,142,NA,NA,NA,NA,NA,NA,NA,NA,NA
"2015-09-07",97.5,97.5,10,96.42,96.45,3259,96.53,96.52,278,NA,NA,NA,NA,NA,NA,NA,NA,NA
"2015-09-08",97.5,97.405,0,96.375,96.355,5641,96.41,96.4,139,NA,NA,NA,NA,NA,NA,NA,NA,NA
"2015-09-09",97.2,97.2,29,96.195,96.265,5026,96.305,96.34,43,NA,NA,NA,NA,NA,NA,NA,NA,NA
"2015-09-10",97.2,97.2,25,96.395,96.395,4483,96.5,96.45,512,NA,NA,NA,NA,NA,NA,NA,NA,NA
"2015-09-11",97.2,97.095,0,96.255,96.29,5220,96.38,96.41,1317,NA,NA,NA,NA,NA,NA,NA,NA,NA
"2015-09-14",NA,NA,NA,96.41,96.4,4560,96.495,96.49,546,96.41,96.52,0,NA,NA,NA,NA,NA,NA
"2015-09-15",NA,NA,NA,96.655,96.615,5817,96.73,96.7,166,96.7,96.955,3,NA,NA,NA,NA,NA,NA
"2015-09-16",NA,NA,NA,96.535,96.51,5334,96.62,96.61,204,96.7,96.85,0,NA,NA,NA,NA,NA,NA
"2015-09-17",NA,NA,NA,96.365,96.295,4785,96.5,96.455,160,96.6,96.6,28,NA,NA,NA,NA,NA,NA
"2015-09-18",NA,NA,NA,96.395,96.415,4849,96.5,96.505,143,96.61,96.615,26,NA,NA,NA,NA,NA,NA
"2015-09-21",NA,NA,NA,96.415,96.415,3236,96.48,96.5,336,96.68,96.655,44,NA,NA,NA,NA,NA,NA
"2015-09-22",NA,NA,NA,96.26,96.225,4242,96.305,96.3,479,96.41,96.41,56,NA,NA,NA,NA,NA,NA
"2015-09-23",NA,NA,NA,96.305,96.33,3321,96.36,96.37,608,96.51,96.51,8,NA,NA,NA,NA,NA,NA
"2015-09-24",NA,NA,NA,96.515,96.44,3168,96.525,96.47,314,96.4,96.4,14,NA,NA,NA,NA,NA,NA
"2015-09-25",NA,NA,NA,96.665,96.64,3746,96.67,96.665,395,96.735,96.74,20,NA,NA,NA,NA,NA,NA
"2015-09-28",NA,NA,NA,96.935,96.925,3408,96.98,96.985,380,97.05,97.03,77,NA,NA,NA,NA,NA,NA
"2015-09-29",NA,NA,NA,97.23,97.245,4541,97.225,97.245,606,97.305,97.3,8,NA,NA,NA,NA,NA,NA
"2015-09-30",NA,NA,NA,97.315,97.25,4148,97.29,97.265,385,97.255,97.255,10,NA,NA,NA,NA,NA,NA
"2015-10-08",NA,NA,NA,97.27,97.235,3485,97.265,97.265,638,97.355,97.355,13,NA,NA,NA,NA,NA,NA
"2015-10-09",NA,NA,NA,98.13,97.99,7969,98.12,97.945,377,97.8,97.8,2,NA,NA,NA,NA,NA,NA
"2015-10-12",NA,NA,NA,98.185,98.18,8046,98.2,98.215,446,98.25,98.27,58,NA,NA,NA,NA,NA,NA
"2015-10-13",NA,NA,NA,98.72,98.575,8400,98.775,98.545,555,98.855,98.69,30,NA,NA,NA,NA,NA,NA
"2015-10-14",NA,NA,NA,98.715,98.7,19060,98.82,98.8,1667,98.88,98.88,15,NA,NA,NA,NA,NA,NA
"2015-10-15",NA,NA,NA,98.53,98.53,12203,98.565,98.595,1026,98.82,98.82,5,NA,NA,NA,NA,NA,NA
"2015-10-16",NA,NA,NA,98.07,98.085,15051,98.16,98.185,997,98.3,98.395,122,NA,NA,NA,NA,NA,NA
"2015-10-19",NA,NA,NA,98.22,98.145,10185,98.27,98.2,983,98.31,98.3,255,NA,NA,NA,NA,NA,NA
"2015-10-20",NA,NA,NA,99.165,98.965,15347,99.14,99.015,1007,99.105,98.995,132,NA,NA,NA,NA,NA,NA
"2015-10-21",NA,NA,NA,98.885,98.93,17607,98.895,98.995,1458,98.895,99.005,102,NA,NA,NA,NA,NA,NA
"2015-10-22",NA,NA,NA,99.29,99.16,12503,99.265,99.15,772,99.2,99.155,78,NA,NA,NA,NA,NA,NA
"2015-10-23",NA,NA,NA,98.955,99.21,20198,98.99,99.29,1066,99.1,99.175,120,NA,NA,NA,NA,NA,NA
"2015-10-26",NA,NA,NA,99.245,99.22,21935,99.285,99.225,1604,99.34,99.25,151,NA,NA,NA,NA,NA,NA
"2015-10-27",NA,NA,NA,99.765,99.765,23940,99.75,99.735,1481,99.78,99.785,372,NA,NA,NA,NA,NA,NA
"2015-10-28",NA,NA,NA,99.39,99.435,22024,99.39,99.385,1187,99.46,99.45,226,NA,NA,NA,NA,NA,NA
"2015-10-29",NA,NA,NA,98.685,98.82,23932,98.75,98.85,1836,98.875,98.905,62,NA,NA,NA,NA,NA,NA
"2015-10-30",NA,NA,NA,98.83,98.84,23990,98.85,98.85,1541,99.005,98.83,85,NA,NA,NA,NA,NA,NA
"2015-11-02",NA,NA,NA,98.805,98.84,20079,98.885,98.87,1182,98.97,98.905,137,NA,NA,NA,NA,NA,NA
"2015-11-03",NA,NA,NA,98.6,98.635,16498,98.63,98.675,1574,98.68,98.695,113,NA,NA,NA,NA,NA,NA
"2015-11-04",NA,NA,NA,98.355,98.31,24150,98.365,98.32,2428,98.305,98.33,142,NA,NA,NA,NA,NA,NA
"2015-11-05",NA,NA,NA,98.665,98.61,23579,98.62,98.59,1419,98.665,98.605,109,NA,NA,NA,NA,NA,NA
"2015-11-06",NA,NA,NA,98.255,98.245,20920,98.225,98.23,2616,98.26,98.3,227,NA,NA,NA,NA,NA,NA
"2015-11-09",NA,NA,NA,97.29,97.39,21147,97.33,97.435,4453,97.41,97.455,50,NA,NA,NA,NA,NA,NA
"2015-11-10",NA,NA,NA,97.66,97.61,21504,97.64,97.605,3810,97.71,97.655,58,NA,NA,NA,NA,NA,NA
"2015-11-11",NA,NA,NA,98.175,98.075,26937,98.18,98.085,6216,98.18,98.095,65,NA,NA,NA,NA,NA,NA
"2015-11-12",NA,NA,NA,98.085,98.07,23493,98.05,98.04,5542,98.03,98.03,41,NA,NA,NA,NA,NA,NA
"2015-11-13",NA,NA,NA,97.94,97.97,21928,97.885,97.93,4907,98.03,98.03,29,NA,NA,NA,NA,NA,NA
"2015-11-16",NA,NA,NA,98.34,98.23,19878,98.06,98.015,6352,98.13,98.205,63,NA,NA,NA,NA,NA,NA
"2015-11-17",NA,NA,NA,98.52,98.425,18146,98.13,98.02,7766,98.13,98.07,109,NA,NA,NA,NA,NA,NA
"2015-11-18",NA,NA,NA,97.975,98.015,16083,97.625,97.685,7511,97.67,97.715,48,NA,NA,NA,NA,NA,NA
"2015-11-19",NA,NA,NA,98.21,98.225,14921,97.705,97.735,8200,97.8,97.775,219,NA,NA,NA,NA,NA,NA
"2015-11-20",NA,NA,NA,98.63,98.6,13085,98.235,98.17,9457,98.25,98.21,278,NA,NA,NA,NA,NA,NA
"2015-11-23",NA,NA,NA,98.5,98.33,8155,98.045,97.93,14024,97.99,97.965,173,NA,NA,NA,NA,NA,NA
"2015-11-24",NA,NA,NA,98.915,98.845,6196,98.51,98.43,18816,98.475,98.42,107,NA,NA,NA,NA,NA,NA
"2015-11-25",NA,NA,NA,98.99,98.945,4149,98.59,98.55,17429,98.55,98.48,249,NA,NA,NA,NA,NA,NA
"2015-11-26",NA,NA,NA,99.275,99.215,2603,98.94,98.93,21702,98.85,98.815,115,NA,NA,NA,NA,NA,NA
"2015-11-27",NA,NA,NA,99.16,99.155,1285,98.695,98.655,18537,98.585,98.56,115,NA,NA,NA,NA,NA,NA
"2015-11-30",NA,NA,NA,99.35,99.325,66,99.015,99.035,14663,98.95,98.89,81,NA,NA,NA,NA,NA,NA
"2015-12-01",NA,NA,NA,99.25,99.255,78,98.75,98.73,16350,98.67,98.645,99,NA,NA,NA,NA,NA,NA
"2015-12-02",NA,NA,NA,98.94,99.08,80,98.83,98.835,19033,98.74,98.725,128,NA,NA,NA,NA,NA,NA
"2015-12-03",NA,NA,NA,98.94,99.22,0,98.965,98.975,14287,98.88,98.885,161,NA,NA,NA,NA,NA,NA
"2015-12-04",NA,NA,NA,98.94,99.13,0,98.86,98.885,17651,98.765,98.825,498,NA,NA,NA,NA,NA,NA
"2015-12-07",NA,NA,NA,99.2,99.21,59,98.95,98.915,15918,98.875,98.805,183,NA,NA,NA,NA,NA,NA
"2015-12-08",NA,NA,NA,99.2,99.435,0,99.195,99.14,13639,99.105,99.005,267,NA,NA,NA,NA,NA,NA
"2015-12-09",NA,NA,NA,99.2,99.475,0,99.17,99.18,16204,99.05,99.07,359,NA,NA,NA,NA,NA,NA
"2015-12-10",NA,NA,NA,99.2,99.385,0,99.105,99.09,16452,99.015,98.995,368,NA,NA,NA,NA,NA,NA
"2015-12-11",NA,NA,NA,99.2,99.94,102,99.37,99.275,14679,99.195,99.075,291,NA,NA,NA,NA,NA,NA
"2015-12-14",NA,NA,NA,NA,NA,NA,98.87,98.875,22071,98.775,98.78,660,98.91,98.945,33,NA,NA,NA
"2015-12-15",NA,NA,NA,NA,NA,NA,99.085,99.07,15886,98.99,98.95,316,99.05,99.005,120,NA,NA,NA
"2015-12-16",NA,NA,NA,NA,NA,NA,99.16,99.16,14768,99.025,99.025,457,99.015,99.015,119,NA,NA,NA
"2015-12-17",NA,NA,NA,NA,NA,NA,99.15,99.16,17340,99.03,99.015,422,99.02,99.025,116,NA,NA,NA
"2015-12-18",NA,NA,NA,NA,NA,NA,99.56,99.55,20000,99.445,99.42,853,99.43,99.405,69,NA,NA,NA
"2015-12-21",NA,NA,NA,NA,NA,NA,99.805,99.84,20148,99.73,99.685,421,99.665,99.635,18,NA,NA,NA
"2015-12-22",NA,NA,NA,NA,NA,NA,99.905,99.87,20619,99.765,99.745,526,99.715,99.715,141,NA,NA,NA
"2015-12-23",NA,NA,NA,NA,NA,NA,99.98,99.97,15354,99.865,99.825,298,99.83,99.81,103,NA,NA,NA
"2015-12-24",NA,NA,NA,NA,NA,NA,100.28,100.27,19091,100.145,100.095,811,100.06,100.06,23,NA,NA,NA
"2015-12-25",NA,NA,NA,NA,NA,NA,100.26,100.255,20146,100.11,100.105,304,100.05,100.05,73,NA,NA,NA
"2015-12-28",NA,NA,NA,NA,NA,NA,100.48,100.445,14896,100.32,100.28,338,100.3,100.29,88,NA,NA,NA
"2015-12-29",NA,NA,NA,NA,NA,NA,100.23,100.27,19802,100.085,100.14,437,100.115,100.155,114,NA,NA,NA
"2015-12-30",NA,NA,NA,NA,NA,NA,100.15,100.175,19466,100,100.025,634,100,100.02,152,NA,NA,NA
"2015-12-31",NA,NA,NA,NA,NA,NA,100.035,100.055,19984,99.89,99.93,459,99.9,99.955,92,NA,NA,NA
"2016-01-04",NA,NA,NA,NA,NA,NA,99.865,99.91,25642,99.68,99.75,610,99.69,99.77,30,NA,NA,NA
"2016-01-05",NA,NA,NA,NA,NA,NA,99.595,99.66,21604,99.475,99.51,752,99.42,99.42,20,NA,NA,NA
"2016-01-06",NA,NA,NA,NA,NA,NA,100.02,99.98,23014,99.88,99.835,662,99.86,99.835,35,NA,NA,NA
"2016-01-07",NA,NA,NA,NA,NA,NA,99.865,99.86,34218,99.74,99.715,917,99.61,99.615,37,NA,NA,NA
"2016-01-08",NA,NA,NA,NA,NA,NA,100.24,100.225,25004,100.065,100.055,806,99.97,99.97,10,NA,NA,NA
"2016-01-11",NA,NA,NA,NA,NA,NA,100.23,100.24,22898,100.035,100.04,575,100.025,100.03,15,NA,NA,NA
"2016-01-12",NA,NA,NA,NA,NA,NA,100.62,100.61,23394,100.335,100.325,836,100.26,100.2,88,NA,NA,NA
"2016-01-13",NA,NA,NA,NA,NA,NA,100.82,100.775,22407,100.52,100.46,1077,100.3,100.275,14,NA,NA,NA
"2016-01-14",NA,NA,NA,NA,NA,NA,100.445,100.435,30554,100.18,100.17,1707,100.02,100.03,52,NA,NA,NA
"2016-01-15",NA,NA,NA,NA,NA,NA,100.645,100.615,23749,100.285,100.26,963,100.125,100.125,90,NA,NA,NA
"2016-01-18",NA,NA,NA,NA,NA,NA,100.285,100.235,26390,99.96,99.9,1625,99.8,99.8,5,NA,NA,NA
"2016-01-19",NA,NA,NA,NA,NA,NA,100.13,100.155,29061,99.77,99.77,825,99.71,99.71,10,NA,NA,NA
"2016-01-20",NA,NA,NA,NA,NA,NA,100.27,100.185,30440,99.84,99.795,1015,99.675,99.64,7,NA,NA,NA
"2016-01-21",NA,NA,NA,NA,NA,NA,100.365,100.385,22667,99.935,99.94,1396,99.81,99.81,4,NA,NA,NA
"2016-01-22",NA,NA,NA,NA,NA,NA,100.42,100.37,20325,99.945,99.93,1651,99.735,99.735,6,NA,NA,NA
"2016-01-25",NA,NA,NA,NA,NA,NA,99.835,99.87,25812,99.43,99.475,2168,99.335,99.335,92,NA,NA,NA
"2016-01-26",NA,NA,NA,NA,NA,NA,99.91,99.93,29566,99.44,99.46,4538,99.255,99.235,29,NA,NA,NA
"2016-01-27",NA,NA,NA,NA,NA,NA,99.77,99.695,26694,99.26,99.21,4053,99.02,99.005,49,NA,NA,NA
"2016-01-28",NA,NA,NA,NA,NA,NA,99.965,99.955,27029,99.49,99.46,4133,99.225,99.225,11,NA,NA,NA
"2016-01-29",NA,NA,NA,NA,NA,NA,100.365,100.34,24693,99.86,99.84,4818,99.51,99.51,18,NA,NA,NA
"2016-02-01",NA,NA,NA,NA,NA,NA,100.34,100.31,19920,99.84,99.835,4152,99.51,99.48,0,NA,NA,NA
"2016-02-02",NA,NA,NA,NA,NA,NA,99.92,99.94,25058,99.395,99.415,5969,99.145,99.105,7,NA,NA,NA
"2016-02-03",NA,NA,NA,NA,NA,NA,100.07,100.035,21276,99.39,99.39,7217,98.95,99.02,36,NA,NA,NA
"2016-02-04",NA,NA,NA,NA,NA,NA,100.25,100.24,21056,99.535,99.53,6755,99.155,99.15,93,NA,NA,NA
"2016-02-05",NA,NA,NA,NA,NA,NA,100.295,100.295,11548,99.66,99.705,3861,99.355,99.32,12,NA,NA,NA
"2016-02-15",NA,NA,NA,NA,NA,NA,100.7,100.655,14835,100.185,100.12,9147,99.72,99.675,135,NA,NA,NA
"2016-02-16",NA,NA,NA,NA,NA,NA,100.36,100.355,13380,99.77,99.82,10914,99.43,99.51,193,NA,NA,NA
"2016-02-17",NA,NA,NA,NA,NA,NA,100.415,100.42,11742,99.78,99.805,13880,99.485,99.485,146,NA,NA,NA
"2016-02-18",NA,NA,NA,NA,NA,NA,100.545,100.515,9926,99.89,99.89,19504,99.6,99.59,883,NA,NA,NA
"2016-02-19",NA,NA,NA,NA,NA,NA,100.495,100.47,6665,99.765,99.8,22430,99.49,99.535,854,NA,NA,NA
"2016-02-22",NA,NA,NA,NA,NA,NA,100.45,100.445,3680,99.695,99.7,17570,99.345,99.335,484,NA,NA,NA
"2016-02-23",NA,NA,NA,NA,NA,NA,100.405,100.455,3621,99.605,99.645,19948,99.21,99.285,492,NA,NA,NA
"2016-02-24",NA,NA,NA,NA,NA,NA,100.45,100.435,2502,99.51,99.6,19084,99.1,99.155,639,NA,NA,NA
"2016-02-25",NA,NA,NA,NA,NA,NA,100.4,100.415,1574,99.345,99.41,27070,98.885,98.965,513,NA,NA,NA
"2016-02-26",NA,NA,NA,NA,NA,NA,100.57,100.595,1282,99.42,99.375,28926,98.905,98.855,1036,NA,NA,NA
"2016-02-29",NA,NA,NA,NA,NA,NA,100.7,100.705,181,99.46,99.425,23042,98.91,98.865,375,NA,NA,NA
"2016-03-01",NA,NA,NA,NA,NA,NA,100.6,100.655,296,99.385,99.35,27724,98.73,98.72,508,NA,NA,NA
"2016-03-02",NA,NA,NA,NA,NA,NA,100.3,100.34,90,99.135,99.15,27637,98.4,98.465,1520,NA,NA,NA
"2016-03-03",NA,NA,NA,NA,NA,NA,100.68,100.68,49,98.96,98.96,30864,98.195,98.185,3282,NA,NA,NA
"2016-03-04",NA,NA,NA,NA,NA,NA,100.685,100.685,50,99.085,99.055,27890,98.29,98.28,1885,NA,NA,NA
"2016-03-07",NA,NA,NA,NA,NA,NA,100.605,100.615,272,98.695,98.695,25119,98.025,98.035,1302,NA,NA,NA
"2016-03-08",NA,NA,NA,NA,NA,NA,100.6,100.6,37,98.82,98.8,31416,98.17,98.11,699,NA,NA,NA
"2016-03-09",NA,NA,NA,NA,NA,NA,100.6,100.6,183,99.135,99.125,23160,98.405,98.39,677,NA,NA,NA
"2016-03-10",NA,NA,NA,NA,NA,NA,100.83,100.75,70,99.42,99.355,28185,98.61,98.58,1673,NA,NA,NA
"2016-03-11",NA,NA,NA,NA,NA,NA,100.83,101.035,10,99.79,99.64,24293,98.99,98.825,645,NA,NA,NA
"2016-03-14",NA,NA,NA,NA,NA,NA,NA,NA,NA,99.65,99.61,18532,98.87,98.82,537,98.3,98.295,63
"2016-03-15",NA,NA,NA,NA,NA,NA,NA,NA,NA,99.71,99.7,22704,98.925,98.915,794,98.45,98.42,49
"2016-03-16",NA,NA,NA,NA,NA,NA,NA,NA,NA,99.985,99.935,25859,99.18,99.11,941,98.515,98.58,11
"2016-03-17",NA,NA,NA,NA,NA,NA,NA,NA,NA,99.695,99.73,27551,98.92,98.975,1362,98.56,98.545,219
"2016-03-18",NA,NA,NA,NA,NA,NA,NA,NA,NA,99.68,99.685,19213,98.92,98.94,385,98.5,98.49,28
"2016-03-21",NA,NA,NA,NA,NA,NA,NA,NA,NA,99.51,99.51,20902,98.805,98.78,1036,98.345,98.355,66
"2016-03-22",NA,NA,NA,NA,NA,NA,NA,NA,NA,99.625,99.62,19083,98.9,98.905,438,98.475,98.44,53
"2016-03-23",NA,NA,NA,NA,NA,NA,NA,NA,NA,99.645,99.67,17426,98.93,98.97,1214,98.45,98.505,187
"2016-03-24",NA,NA,NA,NA,NA,NA,NA,NA,NA,99.855,99.86,18110,99.095,99.08,705,98.66,98.635,58
"2016-03-25",NA,NA,NA,NA,NA,NA,NA,NA,NA,99.815,99.825,18430,99.045,99.055,940,98.49,98.48,159
"2016-03-28",NA,NA,NA,NA,NA,NA,NA,NA,NA,99.615,99.64,16988,98.83,98.86,971,98.4,98.4,216
"2016-03-29",NA,NA,NA,NA,NA,NA,NA,NA,NA,99.805,99.8,18588,98.995,98.975,1143,98.45,98.43,156
"2016-03-30",NA,NA,NA,NA,NA,NA,NA,NA,NA,99.8,99.795,16371,98.985,98.98,1220,98.49,98.47,29
"2016-03-31",NA,NA,NA,NA,NA,NA,NA,NA,NA,99.8,99.8,16736,98.97,98.97,1184,98.465,98.475,73
"2016-04-01",NA,NA,NA,NA,NA,NA,NA,NA,NA,99.87,99.875,11375,99.065,99.07,918,98.54,98.54,71
"2016-04-05",NA,NA,NA,NA,NA,NA,NA,NA,NA,99.63,99.66,14463,98.855,98.89,748,98.355,98.395,47
"2016-04-06",NA,NA,NA,NA,NA,NA,NA,NA,NA,99.575,99.57,18504,98.71,98.7,2371,98.195,98.21,118
"2016-04-07",NA,NA,NA,NA,NA,NA,NA,NA,NA,99.475,99.46,14882,98.55,98.545,1717,98.015,98.015,46
"2016-04-08",NA,NA,NA,NA,NA,NA,NA,NA,NA,99.68,99.735,21139,98.545,98.55,4684,97.875,97.88,182
"2016-04-11",NA,NA,NA,NA,NA,NA,NA,NA,NA,99.745,99.735,12604,98.505,98.505,1967,97.73,97.74,76
"2016-04-12",NA,NA,NA,NA,NA,NA,NA,NA,NA,99.75,99.715,9424,98.48,98.47,1707,97.68,97.665,118
"2016-04-13",NA,NA,NA,NA,NA,NA,NA,NA,NA,99.55,99.535,19762,98.315,98.31,2038,97.46,97.445,139
"2016-04-14",NA,NA,NA,NA,NA,NA,NA,NA,NA,99.265,99.255,17490,98.09,98.065,2913,97.235,97.255,112
"2016-04-15",NA,NA,NA,NA,NA,NA,NA,NA,NA,99.485,99.525,19921,98.36,98.365,3885,97.52,97.49,145
"2016-04-18",NA,NA,NA,NA,NA,NA,NA,NA,NA,99.505,99.5,13439,98.355,98.35,1730,97.57,97.55,88
"2016-04-19",NA,NA,NA,NA,NA,NA,NA,NA,NA,99.58,99.595,14364,98.385,98.385,2022,97.58,97.595,177
"2016-04-20",NA,NA,NA,NA,NA,NA,NA,NA,NA,99.295,99.315,20141,98.035,98.04,5180,97.23,97.26,227
"2016-04-21",NA,NA,NA,NA,NA,NA,NA,NA,NA,99.305,99.255,18187,97.82,97.775,4628,96.95,96.95,319
"2016-04-22",NA,NA,NA,NA,NA,NA,NA,NA,NA,99.385,99.39,13232,97.8,97.835,3978,96.955,96.97,106
"2016-04-25",NA,NA,NA,NA,NA,NA,NA,NA,NA,99.05,99.075,15703,97.415,97.465,5698,96.595,96.62,227
"2016-04-26",NA,NA,NA,NA,NA,NA,NA,NA,NA,99.345,99.365,17539,97.885,97.875,8680,96.94,96.92,190
"2016-04-27",NA,NA,NA,NA,NA,NA,NA,NA,NA,99.345,99.35,12679,97.93,97.965,8127,96.96,97.01,190
"2016-04-28",NA,NA,NA,NA,NA,NA,NA,NA,NA,99.61,99.605,11923,98.115,98.125,7431,97.165,97.19,120
"2016-04-29",NA,NA,NA,NA,NA,NA,NA,NA,NA,99.515,99.51,8118,97.98,97.985,5581,97.05,97.055,87
"2016-05-03",NA,NA,NA,NA,NA,NA,NA,NA,NA,99.75,99.775,7632,98.285,98.28,5240,97.35,97.36,247
"2016-05-04",NA,NA,NA,NA,NA,NA,NA,NA,NA,99.845,99.84,9708,98.39,98.4,7443,97.47,97.465,306
"2016-05-05",NA,NA,NA,NA,NA,NA,NA,NA,NA,99.85,99.84,4874,98.405,98.4,3810,97.465,97.45,121
"2016-05-06",NA,NA,NA,NA,NA,NA,NA,NA,NA,99.875,99.885,6608,98.465,98.47,6549,97.465,97.47,363
"2016-05-09",NA,NA,NA,NA,NA,NA,NA,NA,NA,100.245,100.285,9929,99.17,99.115,9749,98.04,97.98,482
"2016-05-10",NA,NA,NA,NA,NA,NA,NA,NA,NA,100.35,100.27,9102,99.24,99.15,16980,98.23,98.15,804
"2016-05-11",NA,NA,NA,NA,NA,NA,NA,NA,NA,100.27,100.26,5539,99.195,99.195,13393,98.21,98.18,433
"2016-05-12",NA,NA,NA,NA,NA,NA,NA,NA,NA,100.5,100.48,4319,99.49,99.47,14406,98.495,98.46,362
"2016-05-13",NA,NA,NA,NA,NA,NA,NA,NA,NA,100.465,100.445,3948,99.37,99.305,16985,98.405,98.37,692
"2016-05-16",NA,NA,NA,NA,NA,NA,NA,NA,NA,100.305,100.365,3089,98.99,99.04,16362,98.09,98.155,831
"2016-05-17",NA,NA,NA,NA,NA,NA,NA,NA,NA,100.305,100.365,3089,98.99,99.04,16362,98.09,98.155,831
