"DATETIME","DCE.CS.2015.03.CLOSE","DCE.CS.2015.03.SETTLE","DCE.CS.2015.03.VOLUME","DCE.CS.2015.05.CLOSE","DCE.CS.2015.05.SETTLE","DCE.CS.2015.05.VOLUME","DCE.CS.2015.07.CLOSE","DCE.CS.2015.07.SETTLE","DCE.CS.2015.07.VOLUME","DCE.CS.2015.09.CLOSE","DCE.CS.2015.09.SETTLE","DCE.CS.2015.09.VOLUME","DCE.CS.2015.11.CLOSE","DCE.CS.2015.11.SETTLE","DCE.CS.2015.11.VOLUME","DCE.CS.2016.01.CLOSE","DCE.CS.2016.01.SETTLE","DCE.CS.2016.01.VOLUME","DCE.CS.2016.03.CLOSE","DCE.CS.2016.03.SETTLE","DCE.CS.2016.03.VOLUME","DCE.CS.2016.05.CLOSE","DCE.CS.2016.05.SETTLE","DCE.CS.2016.05.VOLUME","DCE.CS.2016.07.CLOSE","DCE.CS.2016.07.SETTLE","DCE.CS.2016.07.VOLUME","DCE.CS.2016.09.CLOSE","DCE.CS.2016.09.SETTLE","DCE.CS.2016.09.VOLUME","DCE.CS.2016.11.CLOSE","DCE.CS.2016.11.SETTLE","DCE.CS.2016.11.VOLUME","DCE.CS.2017.01.CLOSE","DCE.CS.2017.01.SETTLE","DCE.CS.2017.01.VOLUME"
"2014-12-19",2730,2751,156,2793,2806,29124,2827,2823,30,2858,2869,4922,2803,2795,10,NA,NA,NA,NA,NA,NA,NA,NA,NA,NA,NA,NA,NA,NA,NA,NA,NA,NA,NA,NA,NA
"2014-12-22",2686,2688,50,2738,2755,26170,2823,2823,0,2825,2834,2976,2765,2765,0,NA,NA,NA,NA,NA,NA,NA,NA,NA,NA,NA,NA,NA,NA,NA,NA,NA,NA,NA,NA,NA
"2014-12-23",2668,2668,8,2740,2745,18726,2823,2823,0,2831,2829,690,2722,2731,12,NA,NA,NA,NA,NA,NA,NA,NA,NA,NA,NA,NA,NA,NA,NA,NA,NA,NA,NA,NA,NA
"2014-12-24",2640,2644,50,2752,2752,8284,2803,2803,0,2836,2837,504,2675,2694,6,NA,NA,NA,NA,NA,NA,NA,NA,NA,NA,NA,NA,NA,NA,NA,NA,NA,NA,NA,NA,NA
"2014-12-25",2631,2613,8,2727,2724,20260,2735,2773,6,2816,2810,748,2694,2694,0,NA,NA,NA,NA,NA,NA,NA,NA,NA,NA,NA,NA,NA,NA,NA,NA,NA,NA,NA,NA,NA
"2014-12-26",2630,2630,12,2721,2726,9158,2735,2773,0,2816,2817,348,2694,2694,0,NA,NA,NA,NA,NA,NA,NA,NA,NA,NA,NA,NA,NA,NA,NA,NA,NA,NA,NA,NA,NA
"2014-12-29",2618,2622,54,2731,2729,5406,2758,2758,2,2840,2834,778,2694,2716,0,NA,NA,NA,NA,NA,NA,NA,NA,NA,NA,NA,NA,NA,NA,NA,NA,NA,NA,NA,NA,NA
"2014-12-30",2617,2615,18,2721,2721,9056,2758,2758,0,2838,2832,644,2694,2716,0,NA,NA,NA,NA,NA,NA,NA,NA,NA,NA,NA,NA,NA,NA,NA,NA,NA,NA,NA,NA,NA
"2014-12-31",2615,2622,44,2713,2718,5280,2758,2758,0,2837,2838,376,2694,2716,0,NA,NA,NA,NA,NA,NA,NA,NA,NA,NA,NA,NA,NA,NA,NA,NA,NA,NA,NA,NA,NA
"2015-01-05",2613,2610,24,2684,2691,13408,2758,2731,0,2841,2832,1392,2694,2716,0,NA,NA,NA,NA,NA,NA,NA,NA,NA,NA,NA,NA,NA,NA,NA,NA,NA,NA,NA,NA,NA
"2015-01-06",2588,2586,8,2630,2652,28882,2758,2731,0,2779,2810,2484,2670,2670,2,NA,NA,NA,NA,NA,NA,NA,NA,NA,NA,NA,NA,NA,NA,NA,NA,NA,NA,NA,NA,NA
"2015-01-07",2585,2606,4,2643,2639,16506,2758,2731,0,2798,2792,818,2670,2670,0,NA,NA,NA,NA,NA,NA,NA,NA,NA,NA,NA,NA,NA,NA,NA,NA,NA,NA,NA,NA,NA
"2015-01-08",2585,2606,0,2652,2648,10858,2758,2731,0,2810,2804,720,2704,2703,6,NA,NA,NA,NA,NA,NA,NA,NA,NA,NA,NA,NA,NA,NA,NA,NA,NA,NA,NA,NA,NA
"2015-01-09",2605,2595,14,2648,2648,12278,2758,2731,0,2806,2803,854,2704,2703,0,NA,NA,NA,NA,NA,NA,NA,NA,NA,NA,NA,NA,NA,NA,NA,NA,NA,NA,NA,NA,NA
"2015-01-12",2605,2595,0,2658,2653,8452,2758,2731,0,2813,2809,530,2704,2703,0,NA,NA,NA,NA,NA,NA,NA,NA,NA,NA,NA,NA,NA,NA,NA,NA,NA,NA,NA,NA,NA
"2015-01-13",2605,2595,0,2658,2646,10230,2758,2731,0,2814,2805,1242,2704,2703,0,NA,NA,NA,NA,NA,NA,NA,NA,NA,NA,NA,NA,NA,NA,NA,NA,NA,NA,NA,NA,NA
"2015-01-14",2581,2588,14,2647,2654,8676,2758,2731,0,2810,2811,626,2704,2703,0,NA,NA,NA,NA,NA,NA,NA,NA,NA,NA,NA,NA,NA,NA,NA,NA,NA,NA,NA,NA,NA
"2015-01-15",2588,2557,4,2662,2654,7404,2758,2731,0,2820,2813,324,2704,2703,0,NA,NA,NA,NA,NA,NA,NA,NA,NA,NA,NA,NA,NA,NA,NA,NA,NA,NA,NA,NA,NA
"2015-01-16",2588,2561,0,2684,2675,11940,2758,2731,0,2843,2831,1064,2704,2703,0,NA,NA,NA,NA,NA,NA,NA,NA,NA,NA,NA,NA,NA,NA,NA,NA,NA,NA,NA,NA,NA
"2015-01-19",2610,2632,8,2701,2700,9284,2758,2731,0,2862,2856,586,2797,2773,4,2707,2743,12,NA,NA,NA,NA,NA,NA,NA,NA,NA,NA,NA,NA,NA,NA,NA,NA,NA,NA
"2015-01-20",2590,2595,12,2702,2700,4142,2758,2731,0,2868,2862,234,2728,2727,10,2707,2743,0,NA,NA,NA,NA,NA,NA,NA,NA,NA,NA,NA,NA,NA,NA,NA,NA,NA,NA
"2015-01-21",2626,2574,20,2711,2712,7186,2758,2731,0,2877,2878,932,2722,2724,4,2711,2721,18,NA,NA,NA,NA,NA,NA,NA,NA,NA,NA,NA,NA,NA,NA,NA,NA,NA,NA
"2015-01-22",2626,2574,0,2694,2687,10236,2758,2706,0,2868,2862,1316,2762,2761,4,2720,2720,2,NA,NA,NA,NA,NA,NA,NA,NA,NA,NA,NA,NA,NA,NA,NA,NA,NA,NA
"2015-01-23",2626,2580,0,2686,2691,4912,2758,2710,0,2867,2869,636,2762,2761,0,2697,2726,4,NA,NA,NA,NA,NA,NA,NA,NA,NA,NA,NA,NA,NA,NA,NA,NA,NA,NA
"2015-01-26",2626,2580,0,2694,2690,5054,2758,2710,0,2888,2879,1008,2762,2761,0,2697,2726,0,NA,NA,NA,NA,NA,NA,NA,NA,NA,NA,NA,NA,NA,NA,NA,NA,NA,NA
"2015-01-27",2640,2619,36,2728,2724,12686,2758,2744,0,2936,2921,2056,2762,2761,0,2697,2726,0,NA,NA,NA,NA,NA,NA,NA,NA,NA,NA,NA,NA,NA,NA,NA,NA,NA,NA
"2015-01-28",2673,2668,8,2759,2737,13162,2758,2757,0,2936,2930,1634,2762,2761,0,2720,2749,8,NA,NA,NA,NA,NA,NA,NA,NA,NA,NA,NA,NA,NA,NA,NA,NA,NA,NA
"2015-01-29",2726,2726,4,2780,2784,23132,2867,2867,22,2940,2942,1300,2762,2761,0,2750,2745,26,NA,NA,NA,NA,NA,NA,NA,NA,NA,NA,NA,NA,NA,NA,NA,NA,NA,NA
"2015-01-30",2726,2726,0,2778,2782,14918,2900,2900,2,2942,2940,888,2827,2827,2,2750,2745,0,NA,NA,NA,NA,NA,NA,NA,NA,NA,NA,NA,NA,NA,NA,NA,NA,NA,NA
"2015-02-02",2726,2726,0,2796,2785,11744,2900,2900,0,2952,2941,948,2827,2827,0,2750,2745,0,NA,NA,NA,NA,NA,NA,NA,NA,NA,NA,NA,NA,NA,NA,NA,NA,NA,NA
"2015-02-03",2726,2726,0,2792,2795,9956,2900,2900,0,2954,2951,836,2827,2827,0,2750,2745,0,NA,NA,NA,NA,NA,NA,NA,NA,NA,NA,NA,NA,NA,NA,NA,NA,NA,NA
"2015-02-04",2726,2726,0,2797,2800,11042,2898,2898,2,2972,2969,1712,2827,2827,0,2716,2735,26,NA,NA,NA,NA,NA,NA,NA,NA,NA,NA,NA,NA,NA,NA,NA,NA,NA,NA
"2015-02-05",2699,2740,16,2814,2830,55740,2921,2928,24,2998,2999,6918,2796,2851,4,2741,2748,84,NA,NA,NA,NA,NA,NA,NA,NA,NA,NA,NA,NA,NA,NA,NA,NA,NA,NA
"2015-02-06",2699,2740,0,2839,2827,13580,2921,2928,0,3009,3004,2700,2796,2851,0,2747,2744,30,NA,NA,NA,NA,NA,NA,NA,NA,NA,NA,NA,NA,NA,NA,NA,NA,NA,NA
"2015-02-09",2699,2740,0,2862,2857,42018,2921,2928,0,3032,3022,4462,2796,2851,0,2746,2741,76,NA,NA,NA,NA,NA,NA,NA,NA,NA,NA,NA,NA,NA,NA,NA,NA,NA,NA
"2015-02-10",2756,2715,10,2879,2868,35920,2921,2928,0,3056,3045,7426,2796,2851,0,2760,2750,280,NA,NA,NA,NA,NA,NA,NA,NA,NA,NA,NA,NA,NA,NA,NA,NA,NA,NA
"2015-02-11",2715,2715,0,2862,2868,21656,2929,2929,0,3057,3056,6686,2851,2851,0,2760,2759,90,NA,NA,NA,NA,NA,NA,NA,NA,NA,NA,NA,NA,NA,NA,NA,NA,NA,NA
"2015-02-12",2780,2780,2,2840,2845,30088,2929,2931,0,3032,3036,8438,2851,2851,0,2754,2757,264,NA,NA,NA,NA,NA,NA,NA,NA,NA,NA,NA,NA,NA,NA,NA,NA,NA,NA
"2015-02-13",2780,2780,0,2856,2854,21888,2929,2932,0,3048,3046,8236,2851,2851,0,2768,2773,58,NA,NA,NA,NA,NA,NA,NA,NA,NA,NA,NA,NA,NA,NA,NA,NA,NA,NA
"2015-02-16",2683,2724,38,2858,2852,8348,2954,2978,6,3059,3052,3648,2851,2851,0,2768,2773,0,NA,NA,NA,NA,NA,NA,NA,NA,NA,NA,NA,NA,NA,NA,NA,NA,NA,NA
"2015-02-17",2573,2568,126,2825,2831,13600,2954,2959,0,3034,3038,3182,2851,2851,0,2752,2752,12,NA,NA,NA,NA,NA,NA,NA,NA,NA,NA,NA,NA,NA,NA,NA,NA,NA,NA
"2015-02-25",2580,2580,2,2810,2820,10708,2954,2950,0,3010,3026,3810,2851,2851,0,2737,2740,58,NA,NA,NA,NA,NA,NA,NA,NA,NA,NA,NA,NA,NA,NA,NA,NA,NA,NA
"2015-02-26",2580,2580,0,2828,2821,14028,2954,2950,0,2998,2999,10708,2851,2851,0,2732,2724,130,NA,NA,NA,NA,NA,NA,NA,NA,NA,NA,NA,NA,NA,NA,NA,NA,NA,NA
"2015-02-27",2683,2665,26,2856,2849,16064,2954,2950,0,3023,3019,5732,2851,2851,0,2750,2746,90,NA,NA,NA,NA,NA,NA,NA,NA,NA,NA,NA,NA,NA,NA,NA,NA,NA,NA
"2015-03-02",2800,2763,12,2861,2864,9402,2950,2950,0,3024,3024,4228,2875,2875,0,2753,2750,74,NA,NA,NA,NA,NA,NA,NA,NA,NA,NA,NA,NA,NA,NA,NA,NA,NA,NA
"2015-03-03",2800,2763,0,2842,2835,11430,2950,2950,0,3020,3011,6996,2875,2875,0,2741,2737,24,NA,NA,NA,NA,NA,NA,NA,NA,NA,NA,NA,NA,NA,NA,NA,NA,NA,NA
"2015-03-04",2763,2763,0,2871,2862,19288,2960,2958,20,3051,3040,8828,2881,2881,0,2755,2758,78,NA,NA,NA,NA,NA,NA,NA,NA,NA,NA,NA,NA,NA,NA,NA,NA,NA,NA
"2015-03-05",2763,2763,0,2848,2858,18946,2960,2958,0,3021,3035,8612,2881,2881,0,2740,2746,18,NA,NA,NA,NA,NA,NA,NA,NA,NA,NA,NA,NA,NA,NA,NA,NA,NA,NA
"2015-03-06",2763,2763,0,2838,2844,10942,2960,2958,0,3016,3018,5868,2881,2881,0,2747,2750,42,NA,NA,NA,NA,NA,NA,NA,NA,NA,NA,NA,NA,NA,NA,NA,NA,NA,NA
"2015-03-09",2763,2763,0,2863,2850,17332,2960,2958,0,3022,3018,7878,2881,2881,0,2750,2736,18,NA,NA,NA,NA,NA,NA,NA,NA,NA,NA,NA,NA,NA,NA,NA,NA,NA,NA
"2015-03-10",2820,2820,30,2914,2902,97354,2960,2958,0,3064,3050,14976,2947,2901,4,2766,2764,28,NA,NA,NA,NA,NA,NA,NA,NA,NA,NA,NA,NA,NA,NA,NA,NA,NA,NA
"2015-03-11",2820,2820,0,2959,2953,121256,2960,2958,0,3048,3068,23272,2947,2901,0,2775,2781,106,NA,NA,NA,NA,NA,NA,NA,NA,NA,NA,NA,NA,NA,NA,NA,NA,NA,NA
"2015-03-12",2815,2812,22,2957,2946,66786,2960,2958,0,3047,3040,10104,2969,2969,2,2769,2763,60,NA,NA,NA,NA,NA,NA,NA,NA,NA,NA,NA,NA,NA,NA,NA,NA,NA,NA
"2015-03-13",2815,2806,0,2973,2972,77968,2960,2958,0,3061,3059,20146,2969,2969,0,2769,2769,146,NA,NA,NA,NA,NA,NA,NA,NA,NA,NA,NA,NA,NA,NA,NA,NA,NA,NA
"2015-03-16",NA,NA,NA,2988,2986,98416,2960,2958,0,3067,3057,21508,2853,2853,2,2774,2774,64,NA,2769,0,NA,NA,NA,NA,NA,NA,NA,NA,NA,NA,NA,NA,NA,NA,NA
"2015-03-17",NA,NA,NA,2993,2987,38734,2960,2958,0,3075,3072,8872,2853,2866,0,2774,2774,6,NA,2769,0,NA,NA,NA,NA,NA,NA,NA,NA,NA,NA,NA,NA,NA,NA,NA
"2015-03-18",NA,NA,NA,2960,2971,48746,2960,2958,0,3031,3050,18166,2853,2866,0,2755,2762,42,NA,2769,0,NA,NA,NA,NA,NA,NA,NA,NA,NA,NA,NA,NA,NA,NA,NA
"2015-03-19",NA,NA,NA,2952,2954,36680,2960,2958,0,3011,3021,22624,2853,2866,0,2743,2744,110,2843,2777,4,NA,NA,NA,NA,NA,NA,NA,NA,NA,NA,NA,NA,NA,NA,NA
"2015-03-20",NA,NA,NA,2963,2970,47472,2960,2958,0,3027,3021,18592,2867,2912,4,2753,2745,200,2843,2777,0,NA,NA,NA,NA,NA,NA,NA,NA,NA,NA,NA,NA,NA,NA,NA
"2015-03-23",NA,NA,NA,2975,2973,18256,2960,2958,0,3049,3042,13296,2867,2912,0,2768,2760,84,2843,2777,0,NA,NA,NA,NA,NA,NA,NA,NA,NA,NA,NA,NA,NA,NA,NA
"2015-03-24",NA,NA,NA,3036,3024,72272,3067,3066,20,3086,3077,31608,2867,2912,0,2780,2778,456,2843,2777,0,NA,NA,NA,NA,NA,NA,NA,NA,NA,NA,NA,NA,NA,NA,NA
"2015-03-25",NA,NA,NA,3025,3028,36818,2982,3008,6,3079,3085,30762,2912,2912,0,2780,2770,408,2799,2799,2,NA,NA,NA,NA,NA,NA,NA,NA,NA,NA,NA,NA,NA,NA,NA
"2015-03-26",NA,NA,NA,3037,3032,25556,2982,3008,0,3080,3074,14360,2912,2912,0,2786,2786,636,2799,2799,0,NA,NA,NA,NA,NA,NA,NA,NA,NA,NA,NA,NA,NA,NA,NA
"2015-03-27",NA,NA,NA,3073,3062,86776,2900,2900,2,3090,3084,41482,2912,2912,0,2792,2784,170,2799,2799,0,NA,NA,NA,NA,NA,NA,NA,NA,NA,NA,NA,NA,NA,NA,NA
"2015-03-30",NA,NA,NA,3080,3069,27382,3016,3006,6,3074,3071,27092,2912,2912,0,2784,2781,114,2703,2703,2,NA,NA,NA,NA,NA,NA,NA,NA,NA,NA,NA,NA,NA,NA,NA
"2015-03-31",NA,NA,NA,3071,3078,33536,3016,3006,0,3053,3055,20698,2912,2912,0,2761,2764,324,2703,2712,0,NA,NA,NA,NA,NA,NA,NA,NA,NA,NA,NA,NA,NA,NA,NA
"2015-04-01",NA,NA,NA,3010,3010,63596,3006,3006,2,3008,3012,48224,2912,2912,0,2736,2734,536,2703,2712,0,NA,NA,NA,NA,NA,NA,NA,NA,NA,NA,NA,NA,NA,NA,NA
"2015-04-02",NA,NA,NA,3000,3006,21272,3062,3062,2,3014,3009,23914,2831,2900,4,2731,2745,922,2703,2712,0,NA,NA,NA,NA,NA,NA,NA,NA,NA,NA,NA,NA,NA,NA,NA
"2015-04-03",NA,NA,NA,3003,2991,15642,3052,3052,2,3009,3004,20966,2831,2900,0,2748,2747,142,2703,2712,0,NA,NA,NA,NA,NA,NA,NA,NA,NA,NA,NA,NA,NA,NA,NA
"2015-04-07",NA,NA,NA,2998,2997,7214,3052,3052,0,3000,2996,24478,2831,2896,0,2755,2751,296,2710,2719,46,NA,NA,NA,NA,NA,NA,NA,NA,NA,NA,NA,NA,NA,NA,NA
"2015-04-08",NA,NA,NA,2961,2966,21356,3052,3052,0,2964,2977,63290,2831,2896,0,2718,2723,398,2691,2691,2,NA,NA,NA,NA,NA,NA,NA,NA,NA,NA,NA,NA,NA,NA,NA
"2015-04-09",NA,NA,NA,2951,2954,5880,3052,3052,0,2963,2960,32340,2831,2896,0,2711,2713,234,2697,2697,2,NA,NA,NA,NA,NA,NA,NA,NA,NA,NA,NA,NA,NA,NA,NA
"2015-04-10",NA,NA,NA,2948,2941,6948,3082,3017,6,2997,2979,44112,2831,2896,0,2737,2723,488,2697,2697,0,NA,NA,NA,NA,NA,NA,NA,NA,NA,NA,NA,NA,NA,NA,NA
"2015-04-13",NA,NA,NA,2933,2939,5664,3017,3017,2,3032,3020,76314,2831,2896,0,2776,2762,1222,2781,2781,2,NA,NA,NA,NA,NA,NA,NA,NA,NA,NA,NA,NA,NA,NA,NA
"2015-04-14",NA,NA,NA,2920,2923,2958,3017,3017,0,2998,3010,45220,2831,2888,0,2760,2773,524,2781,2781,0,NA,NA,NA,NA,NA,NA,NA,NA,NA,NA,NA,NA,NA,NA,NA
"2015-04-15",NA,NA,NA,2885,2879,4766,3017,3017,0,2936,2946,88170,2830,2830,2,2713,2715,380,2781,2723,0,NA,NA,NA,NA,NA,NA,NA,NA,NA,NA,NA,NA,NA,NA,NA
"2015-04-16",NA,NA,NA,2876,2876,1942,2906,2950,18,2942,2943,37092,2830,2830,0,2737,2728,160,2685,2685,4,NA,NA,NA,NA,NA,NA,NA,NA,NA,NA,NA,NA,NA,NA,NA
"2015-04-17",NA,NA,NA,2884,2877,1448,2906,2951,0,2968,2957,33852,2830,2830,0,2746,2735,160,2782,2782,4,NA,NA,NA,NA,NA,NA,NA,NA,NA,NA,NA,NA,NA,NA,NA
"2015-04-20",NA,NA,NA,2889,2881,550,2906,2955,0,2948,2952,31106,2830,2830,0,2730,2729,86,2782,2782,0,NA,NA,NA,NA,NA,NA,NA,NA,NA,NA,NA,NA,NA,NA,NA
"2015-04-21",NA,NA,NA,2897,2901,844,2906,2955,0,2946,2944,31260,2830,2830,0,2734,2729,164,2782,2761,0,NA,NA,NA,NA,NA,NA,NA,NA,NA,NA,NA,NA,NA,NA,NA
"2015-04-22",NA,NA,NA,2918,2909,526,2906,2963,0,2956,2954,20688,2830,2830,0,2734,2724,160,2782,2761,0,NA,NA,NA,NA,NA,NA,NA,NA,NA,NA,NA,NA,NA,NA,NA
"2015-04-23",NA,NA,NA,2915,2908,184,2870,2870,2,2956,2961,21454,2830,2831,0,2735,2742,244,2782,2761,0,NA,NA,NA,NA,NA,NA,NA,NA,NA,NA,NA,NA,NA,NA,NA
"2015-04-24",NA,NA,NA,2901,2905,322,2870,2870,0,2953,2941,42390,2830,2831,0,2729,2728,376,2782,2761,0,NA,NA,NA,NA,NA,NA,NA,NA,NA,NA,NA,NA,NA,NA,NA
"2015-04-27",NA,NA,NA,2901,2902,470,2870,2870,0,2951,2949,14366,2830,2831,0,2732,2731,192,2782,2761,0,NA,NA,NA,NA,NA,NA,NA,NA,NA,NA,NA,NA,NA,NA,NA
"2015-04-28",NA,NA,NA,2904,2906,490,2870,2870,0,2952,2964,45442,2830,2831,0,2726,2731,706,2782,2757,0,NA,NA,NA,NA,NA,NA,NA,NA,NA,NA,NA,NA,NA,NA,NA
"2015-04-29",NA,NA,NA,2894,2892,260,2910,2891,24,2947,2942,25622,2822,2822,2,2722,2719,362,2754,2752,4,NA,NA,NA,NA,NA,NA,NA,NA,NA,NA,NA,NA,NA,NA,NA
"2015-04-30",NA,NA,NA,2893,2894,588,2910,2891,0,2975,2965,28902,2822,2829,0,2740,2733,232,2754,2752,0,NA,NA,NA,NA,NA,NA,NA,NA,NA,NA,NA,NA,NA,NA,NA
"2015-05-04",NA,NA,NA,2850,2852,308,2910,2850,0,2995,3000,47982,2822,2849,0,2755,2758,1048,2765,2765,2,NA,NA,NA,NA,NA,NA,NA,NA,NA,NA,NA,NA,NA,NA,NA
"2015-05-05",NA,NA,NA,2850,2852,0,2910,2850,0,2998,2991,21168,2822,2849,0,2750,2749,492,2782,2723,14,NA,NA,NA,NA,NA,NA,NA,NA,NA,NA,NA,NA,NA,NA,NA
"2015-05-06",NA,NA,NA,2850,2852,0,2964,2924,8,2997,2994,15402,2841,2841,2,2750,2751,436,2779,2779,10,NA,NA,NA,NA,NA,NA,NA,NA,NA,NA,NA,NA,NA,NA,NA
"2015-05-07",NA,NA,NA,2850,2852,0,2964,2924,0,3009,3015,67812,2909,2879,8,2747,2757,1010,2781,2792,54,NA,NA,NA,NA,NA,NA,NA,NA,NA,NA,NA,NA,NA,NA,NA
"2015-05-08",NA,NA,NA,2850,2852,0,2964,2924,0,2995,2996,23924,2909,2861,0,2743,2745,554,2781,2792,0,NA,NA,NA,NA,NA,NA,NA,NA,NA,NA,NA,NA,NA,NA,NA
"2015-05-11",NA,NA,NA,2855,2872,148,2964,2924,0,2992,2995,17034,2870,2854,8,2745,2746,280,2774,2778,100,NA,NA,NA,NA,NA,NA,NA,NA,NA,NA,NA,NA,NA,NA,NA
"2015-05-12",NA,NA,NA,2853,2853,114,2820,2919,4,3009,2998,18532,2870,2856,0,2756,2750,356,2774,2778,0,NA,NA,NA,NA,NA,NA,NA,NA,NA,NA,NA,NA,NA,NA,NA
"2015-05-13",NA,NA,NA,2853,2853,0,2820,2919,0,3016,3016,22320,2870,2873,0,2750,2760,668,2777,2774,8,NA,NA,NA,NA,NA,NA,NA,NA,NA,NA,NA,NA,NA,NA,NA
"2015-05-14",NA,NA,NA,2900,2900,120,2820,2919,0,3025,3016,25634,2887,2887,2,2755,2753,196,2772,2772,2,NA,NA,NA,NA,NA,NA,NA,NA,NA,NA,NA,NA,NA,NA,NA
"2015-05-15",NA,NA,NA,2900,2865,0,2820,2919,0,3024,3028,24632,2887,2898,0,2756,2756,606,2786,2784,4,NA,NA,NA,NA,NA,NA,NA,NA,NA,NA,NA,NA,NA,NA,NA
"2015-05-18",NA,NA,NA,NA,NA,NA,2919,2919,0,3013,3014,13512,2894,2894,0,2744,2743,376,2783,2790,4,2831,2825,12,NA,NA,NA,NA,NA,NA,NA,NA,NA,NA,NA,NA
"2015-05-19",NA,NA,NA,NA,NA,NA,2919,2919,0,3017,3013,14586,2894,2894,0,2748,2745,336,2792,2792,0,2825,2825,0,NA,NA,NA,NA,NA,NA,NA,NA,NA,NA,NA,NA
"2015-05-20",NA,NA,NA,NA,NA,NA,2919,2919,0,3008,3007,27680,2890,2890,0,2740,2738,592,2785,2785,0,2825,2825,0,NA,NA,NA,NA,NA,NA,NA,NA,NA,NA,NA,NA
"2015-05-21",NA,NA,NA,NA,NA,NA,2919,2919,0,3011,3008,12350,2890,2890,0,2732,2731,630,2778,2778,0,2825,2825,0,NA,NA,NA,NA,NA,NA,NA,NA,NA,NA,NA,NA
"2015-05-22",NA,NA,NA,NA,NA,NA,2919,2919,0,3004,3004,14832,2887,2887,0,2725,2726,446,2773,2773,0,2825,2825,0,NA,NA,NA,NA,NA,NA,NA,NA,NA,NA,NA,NA
"2015-05-25",NA,NA,NA,NA,NA,NA,2919,2919,0,2962,2981,26002,2865,2865,0,2686,2705,1236,2747,2747,6,2807,2807,28,NA,NA,NA,NA,NA,NA,NA,NA,NA,NA,NA,NA
"2015-05-26",NA,NA,NA,NA,NA,NA,2919,2919,0,2933,2956,31174,2846,2834,4,2691,2695,1268,2747,2747,0,2798,2799,20,NA,NA,NA,NA,NA,NA,NA,NA,NA,NA,NA,NA
"2015-05-27",NA,NA,NA,NA,NA,NA,2919,2919,0,2894,2912,27890,2792,2792,0,2653,2662,1324,2689,2690,32,2773,2777,36,NA,NA,NA,NA,NA,NA,NA,NA,NA,NA,NA,NA
"2015-05-28",NA,NA,NA,NA,NA,NA,2919,2919,0,2911,2905,24832,2792,2792,0,2663,2662,576,2690,2690,0,2774,2771,10,NA,NA,NA,NA,NA,NA,NA,NA,NA,NA,NA,NA
"2015-05-29",NA,NA,NA,NA,NA,NA,2850,2850,2,2922,2921,15792,2807,2807,0,2675,2670,748,2698,2698,0,2777,2776,16,NA,NA,NA,NA,NA,NA,NA,NA,NA,NA,NA,NA
"2015-06-01",NA,NA,NA,NA,NA,NA,2850,2850,2,2931,2936,11798,2786,2786,4,2685,2682,484,2698,2698,0,2776,2776,2,NA,NA,NA,NA,NA,NA,NA,NA,NA,NA,NA,NA
"2015-06-02",NA,NA,NA,NA,NA,NA,2850,2850,0,2945,2932,7616,2783,2783,0,2691,2684,518,2735,2734,10,2782,2781,12,NA,NA,NA,NA,NA,NA,NA,NA,NA,NA,NA,NA
"2015-06-03",NA,NA,NA,NA,NA,NA,2850,2850,0,2925,2931,10942,2783,2783,0,2689,2686,544,2736,2736,0,2767,2767,2,NA,NA,NA,NA,NA,NA,NA,NA,NA,NA,NA,NA
"2015-06-04",NA,NA,NA,NA,NA,NA,2850,2850,0,2909,2904,31070,2758,2758,0,2669,2671,3022,2734,2734,6,2752,2747,8,NA,NA,NA,NA,NA,NA,NA,NA,NA,NA,NA,NA
"2015-06-05",NA,NA,NA,NA,NA,NA,2850,2850,0,2874,2890,15198,2745,2745,0,2642,2651,1184,2739,2733,6,2717,2728,14,NA,NA,NA,NA,NA,NA,NA,NA,NA,NA,NA,NA
"2015-06-08",NA,NA,NA,NA,NA,NA,2787,2789,10,2876,2847,46204,2705,2705,0,2636,2609,4888,2709,2693,4,2716,2703,8,NA,NA,NA,NA,NA,NA,NA,NA,NA,NA,NA,NA
"2015-06-09",NA,NA,NA,NA,NA,NA,2789,2789,0,2879,2877,12972,2733,2733,0,2637,2641,1666,2712,2712,0,2719,2729,6,NA,NA,NA,NA,NA,NA,NA,NA,NA,NA,NA,NA
"2015-06-10",NA,NA,NA,NA,NA,NA,2809,2794,8,2871,2865,20344,2722,2722,0,2628,2627,2088,2712,2712,0,2709,2709,10,NA,NA,NA,NA,NA,NA,NA,NA,NA,NA,NA,NA
"2015-06-11",NA,NA,NA,NA,NA,NA,2794,2794,0,2880,2878,11806,2734,2734,0,2648,2640,1202,2716,2716,0,2723,2715,4,NA,NA,NA,NA,NA,NA,NA,NA,NA,NA,NA,NA
"2015-06-12",NA,NA,NA,NA,NA,NA,2794,2794,0,2872,2862,17136,2719,2719,0,2648,2638,932,2716,2716,0,2708,2715,4,NA,NA,NA,NA,NA,NA,NA,NA,NA,NA,NA,NA
"2015-06-15",NA,NA,NA,NA,NA,NA,2757,2750,20,2836,2835,24688,2694,2694,0,2640,2635,948,2716,2716,0,2708,2708,2,NA,NA,NA,NA,NA,NA,NA,NA,NA,NA,NA,NA
"2015-06-16",NA,NA,NA,NA,NA,NA,2750,2750,2,2872,2853,16854,2711,2711,0,2660,2656,932,2722,2722,2,2698,2700,4,NA,NA,NA,NA,NA,NA,NA,NA,NA,NA,NA,NA
"2015-06-17",NA,NA,NA,NA,NA,NA,2750,2750,0,2871,2874,12160,2730,2730,0,2652,2659,804,2722,2722,0,2723,2724,14,NA,NA,NA,NA,NA,NA,NA,NA,NA,NA,NA,NA
"2015-06-18",NA,NA,NA,NA,NA,NA,2750,2750,0,2883,2883,11930,2738,2738,0,2649,2653,598,2722,2722,0,2724,2724,0,NA,NA,NA,NA,NA,NA,NA,NA,NA,NA,NA,NA
"2015-06-19",NA,NA,NA,NA,NA,NA,2750,2750,0,2877,2876,9794,2732,2732,0,2648,2645,478,2714,2714,0,2724,2724,0,NA,NA,NA,NA,NA,NA,NA,NA,NA,NA,NA,NA
"2015-06-23",NA,NA,NA,NA,NA,NA,2749,2799,4,2874,2889,13790,2744,2744,0,2643,2649,818,2714,2714,0,2724,2724,0,NA,NA,NA,NA,NA,NA,NA,NA,NA,NA,NA,NA
"2015-06-24",NA,NA,NA,NA,NA,NA,2799,2799,0,2872,2863,18352,2720,2720,0,2636,2635,1094,2714,2714,0,2724,2724,0,NA,NA,NA,NA,NA,NA,NA,NA,NA,NA,NA,NA
"2015-06-25",NA,NA,NA,NA,NA,NA,2799,2799,0,2853,2860,10748,2776,2776,2,2630,2634,430,2714,2714,0,2699,2711,8,NA,NA,NA,NA,NA,NA,NA,NA,NA,NA,NA,NA
"2015-06-26",NA,NA,NA,NA,NA,NA,2799,2799,0,2862,2855,12668,2772,2772,0,2637,2635,540,2714,2714,0,2711,2711,0,NA,NA,NA,NA,NA,NA,NA,NA,NA,NA,NA,NA
"2015-06-29",NA,NA,NA,NA,NA,NA,2799,2799,0,2839,2850,12822,2768,2768,0,2627,2630,854,2714,2714,0,2711,2711,0,NA,NA,NA,NA,NA,NA,NA,NA,NA,NA,NA,NA
"2015-06-30",NA,NA,NA,NA,NA,NA,2910,2910,2,2834,2832,9882,2692,2725,4,2622,2622,564,2714,2714,0,2689,2689,18,NA,NA,NA,NA,NA,NA,NA,NA,NA,NA,NA,NA
"2015-07-01",NA,NA,NA,NA,NA,NA,2850,2844,210,2858,2860,10032,2751,2751,0,2645,2641,1038,2714,2714,0,2702,2702,2,NA,NA,NA,NA,NA,NA,NA,NA,NA,NA,NA,NA
"2015-07-02",NA,NA,NA,NA,NA,NA,2844,2844,0,2839,2840,5954,2732,2732,0,2645,2641,1114,2714,2714,0,2702,2702,2,NA,NA,NA,NA,NA,NA,NA,NA,NA,NA,NA,NA
"2015-07-03",NA,NA,NA,NA,NA,NA,2875,2875,12,2854,2851,7222,2742,2742,0,2649,2647,824,2717,2717,0,2703,2711,4,NA,NA,NA,NA,NA,NA,NA,NA,NA,NA,NA,NA
"2015-07-06",NA,NA,NA,NA,NA,NA,2875,2875,30,2857,2858,9878,2748,2748,0,2634,2641,958,2717,2717,0,2706,2706,2,NA,NA,NA,NA,NA,NA,NA,NA,NA,NA,NA,NA
"2015-07-07",NA,NA,NA,NA,NA,NA,2875,2875,0,2856,2865,11536,2754,2754,0,2600,2616,1602,2717,2717,0,2679,2680,12,NA,NA,NA,NA,NA,NA,NA,NA,NA,NA,NA,NA
"2015-07-08",NA,NA,NA,NA,NA,NA,2875,2875,0,2814,2798,111586,2690,2690,0,2571,2551,2608,2637,2637,2,2576,2612,74,NA,NA,NA,NA,NA,NA,NA,NA,NA,NA,NA,NA
"2015-07-09",NA,NA,NA,NA,NA,NA,2875,2875,0,2879,2867,49548,2756,2756,0,2604,2610,4406,2650,2650,2,2641,2633,34,NA,NA,NA,NA,NA,NA,NA,NA,NA,NA,NA,NA
"2015-07-10",NA,NA,NA,NA,NA,NA,2875,2875,0,2860,2875,21554,2763,2763,0,2601,2612,1666,2652,2652,0,2644,2652,8,NA,NA,NA,NA,NA,NA,NA,NA,NA,NA,NA,NA
"2015-07-13",NA,NA,NA,NA,NA,NA,2875,2875,0,2851,2870,18820,2759,2759,0,2591,2599,1222,2668,2683,8,2620,2630,10,NA,NA,NA,NA,NA,NA,NA,NA,NA,NA,NA,NA
"2015-07-14",NA,NA,NA,NA,NA,NA,2849,2849,0,2852,2859,6572,2749,2749,0,2571,2571,2594,2655,2655,0,2597,2595,26,NA,NA,NA,NA,NA,NA,NA,NA,NA,NA,NA,NA
"2015-07-15",NA,NA,NA,NA,NA,NA,NA,NA,NA,2852,2852,3930,2743,2743,0,2553,2554,1934,2638,2638,0,2588,2588,4,2626,2626,0,NA,NA,NA,NA,NA,NA,NA,NA,NA
"2015-07-16",NA,NA,NA,NA,NA,NA,NA,NA,NA,2887,2868,14868,2758,2758,0,2558,2546,9600,2638,2638,0,2614,2603,18,2626,2626,0,NA,NA,NA,NA,NA,NA,NA,NA,NA
"2015-07-17",NA,NA,NA,NA,NA,NA,NA,NA,NA,2892,2888,11596,2777,2777,0,2565,2559,3986,2651,2651,0,2600,2600,20,2626,2626,0,NA,NA,NA,NA,NA,NA,NA,NA,NA
"2015-07-20",NA,NA,NA,NA,NA,NA,NA,NA,NA,2840,2855,11518,2746,2746,0,2557,2554,2312,2651,2651,0,2595,2595,2,2626,2626,0,NA,NA,NA,NA,NA,NA,NA,NA,NA
"2015-07-21",NA,NA,NA,NA,NA,NA,NA,NA,NA,2843,2839,7586,2731,2731,0,2539,2542,3316,2649,2649,0,2590,2590,4,2626,2626,0,NA,NA,NA,NA,NA,NA,NA,NA,NA
"2015-07-22",NA,NA,NA,NA,NA,NA,NA,NA,NA,2846,2845,6164,2736,2736,0,2536,2536,3918,2649,2649,0,2614,2605,6,2626,2626,0,NA,NA,NA,NA,NA,NA,NA,NA,NA
"2015-07-23",NA,NA,NA,NA,NA,NA,NA,NA,NA,2841,2842,4436,2734,2734,0,2530,2529,3490,2649,2649,0,2581,2581,18,2626,2626,0,NA,NA,NA,NA,NA,NA,NA,NA,NA
"2015-07-24",NA,NA,NA,NA,NA,NA,NA,NA,NA,2834,2834,6172,2727,2727,0,2490,2506,5852,2544,2570,16,2523,2528,26,2626,2626,0,NA,NA,NA,NA,NA,NA,NA,NA,NA
"2015-07-27",NA,NA,NA,NA,NA,NA,NA,NA,NA,2777,2792,9206,2687,2687,0,2442,2443,10246,2496,2495,6,2444,2447,102,2525,2525,0,NA,NA,NA,NA,NA,NA,NA,NA,NA
"2015-07-28",NA,NA,NA,NA,NA,NA,NA,NA,NA,2803,2787,4138,2683,2683,0,2438,2437,10194,2519,2519,2,2417,2432,142,2499,2499,0,NA,NA,NA,NA,NA,NA,NA,NA,NA
"2015-07-29",NA,NA,NA,NA,NA,NA,NA,NA,NA,2821,2815,4352,2709,2709,0,2448,2446,5058,2522,2520,6,2441,2434,202,2497,2497,0,NA,NA,NA,NA,NA,NA,NA,NA,NA
"2015-07-30",NA,NA,NA,NA,NA,NA,NA,NA,NA,2797,2808,1390,2703,2703,0,2428,2440,7418,2521,2521,2,2430,2436,158,2497,2497,0,NA,NA,NA,NA,NA,NA,NA,NA,NA
"2015-07-31",NA,NA,NA,NA,NA,NA,NA,NA,NA,2802,2799,1490,2695,2695,0,2441,2440,8214,2445,2445,2,2410,2420,2000,2477,2477,0,NA,NA,NA,NA,NA,NA,NA,NA,NA
"2015-08-03",NA,NA,NA,NA,NA,NA,NA,NA,NA,2766,2771,2658,2669,2669,0,2409,2413,20690,2445,2445,0,2379,2386,672,2350,2376,10,NA,NA,NA,NA,NA,NA,NA,NA,NA
"2015-08-04",NA,NA,NA,NA,NA,NA,NA,NA,NA,2778,2771,3382,2669,2669,0,2394,2402,16192,2445,2445,0,2376,2380,712,2363,2390,8,NA,NA,NA,NA,NA,NA,NA,NA,NA
"2015-08-05",NA,NA,NA,NA,NA,NA,NA,NA,NA,2768,2765,3542,2664,2664,0,2403,2395,14308,2445,2445,0,2384,2382,148,2392,2392,2,NA,NA,NA,NA,NA,NA,NA,NA,NA
"2015-08-06",NA,NA,NA,NA,NA,NA,NA,NA,NA,2763,2764,1842,2664,2664,0,2393,2394,7088,2445,2445,0,2374,2378,210,2392,2392,0,NA,NA,NA,NA,NA,NA,NA,NA,NA
"2015-08-07",NA,NA,NA,NA,NA,NA,NA,NA,NA,2768,2762,1588,2663,2663,0,2374,2378,9034,2445,2445,0,2362,2364,324,2392,2392,0,NA,NA,NA,NA,NA,NA,NA,NA,NA
"2015-08-10",NA,NA,NA,NA,NA,NA,NA,NA,NA,2765,2763,2234,2663,2663,0,2350,2355,29562,2434,2439,4,2325,2336,1296,2392,2392,0,NA,NA,NA,NA,NA,NA,NA,NA,NA
"2015-08-11",NA,NA,NA,NA,NA,NA,NA,NA,NA,2768,2773,1368,2672,2672,0,2361,2368,20562,2455,2446,6,2357,2354,1336,2424,2424,2,NA,NA,NA,NA,NA,NA,NA,NA,NA
"2015-08-12",NA,NA,NA,NA,NA,NA,NA,NA,NA,2767,2769,440,2669,2669,0,2352,2355,17340,2446,2446,0,2363,2355,928,2424,2424,0,NA,NA,NA,NA,NA,NA,NA,NA,NA
"2015-08-13",NA,NA,NA,NA,NA,NA,NA,NA,NA,2776,2767,1808,2668,2668,0,2405,2387,48152,2479,2479,0,2447,2416,2162,2444,2444,2,NA,NA,NA,NA,NA,NA,NA,NA,NA
"2015-08-14",NA,NA,NA,NA,NA,NA,NA,NA,NA,2769,2767,282,2668,2668,0,2415,2422,33966,2515,2515,0,2431,2449,1826,2444,2444,0,NA,NA,NA,NA,NA,NA,NA,NA,NA
"2015-08-17",NA,NA,NA,NA,NA,NA,NA,NA,NA,2775,2767,970,2668,2668,0,2430,2424,16734,2483,2483,2,2440,2433,600,2444,2444,0,NA,NA,NA,NA,NA,NA,NA,NA,NA
"2015-08-18",NA,NA,NA,NA,NA,NA,NA,NA,NA,2766,2767,382,2668,2668,0,2420,2420,13478,2479,2479,0,2436,2436,202,2444,2444,0,NA,NA,NA,NA,NA,NA,NA,NA,NA
"2015-08-19",NA,NA,NA,NA,NA,NA,NA,NA,NA,2771,2768,288,2668,2668,0,2402,2405,18974,2419,2419,4,2431,2416,1570,2402,2402,2,NA,NA,NA,NA,NA,NA,NA,NA,NA
"2015-08-20",NA,NA,NA,NA,NA,NA,NA,NA,NA,2784,2777,346,2676,2676,0,2379,2394,17438,2412,2432,8,2410,2435,560,2402,2402,0,NA,NA,NA,NA,NA,NA,NA,NA,NA
"2015-08-21",NA,NA,NA,NA,NA,NA,NA,NA,NA,2765,2778,550,2676,2676,0,2372,2377,13322,2450,2450,2,2413,2407,280,2402,2402,0,NA,NA,NA,NA,NA,NA,NA,NA,NA
"2015-08-24",NA,NA,NA,NA,NA,NA,NA,NA,NA,2774,2765,342,2664,2664,0,2367,2360,25742,2433,2433,0,2380,2387,394,2402,2402,0,NA,NA,NA,NA,NA,NA,NA,NA,NA
"2015-08-25",NA,NA,NA,NA,NA,NA,NA,NA,NA,2780,2786,268,2684,2684,0,2395,2391,30620,2433,2433,0,2414,2408,414,2402,2402,0,NA,NA,NA,NA,NA,NA,NA,NA,NA
"2015-08-26",NA,NA,NA,NA,NA,NA,NA,NA,NA,2782,2773,1420,2672,2672,0,2390,2395,16864,2437,2437,0,2408,2412,246,2402,2402,0,NA,NA,NA,NA,NA,NA,NA,NA,NA
"2015-08-27",NA,NA,NA,NA,NA,NA,NA,NA,NA,2744,2763,868,2663,2663,0,2375,2374,28318,2416,2416,0,2407,2400,248,2402,2402,0,NA,NA,NA,NA,NA,NA,NA,NA,NA
"2015-08-28",NA,NA,NA,NA,NA,NA,NA,NA,NA,2760,2764,1466,2663,2663,0,2375,2391,27300,2433,2433,0,2405,2410,488,2402,2402,0,NA,NA,NA,NA,NA,NA,NA,NA,NA
"2015-08-31",NA,NA,NA,NA,NA,NA,NA,NA,NA,2679,2723,732,2624,2624,0,2309,2352,35024,2394,2394,0,2352,2375,332,2363,2428,16,NA,NA,NA,NA,NA,NA,NA,NA,NA
"2015-09-01",NA,NA,NA,NA,NA,NA,NA,NA,NA,2670,2698,144,2600,2600,0,2312,2313,37382,2299,2307,14,2338,2347,956,2400,2400,0,NA,NA,NA,NA,NA,NA,NA,NA,NA
"2015-09-02",NA,NA,NA,NA,NA,NA,NA,NA,NA,2670,2673,1682,2576,2576,0,2308,2301,33166,2296,2296,0,2310,2307,3520,2377,2377,0,NA,NA,NA,NA,NA,NA,NA,NA,NA
"2015-09-07",NA,NA,NA,NA,NA,NA,NA,NA,NA,2630,2692,240,2594,2594,0,2291,2300,37204,2296,2296,0,2293,2296,3536,2366,2366,0,NA,NA,NA,NA,NA,NA,NA,NA,NA
"2015-09-08",NA,NA,NA,NA,NA,NA,NA,NA,NA,2635,2635,60,2540,2540,0,2323,2307,22160,2292,2310,6,2305,2295,2526,2358,2358,0,NA,NA,NA,NA,NA,NA,NA,NA,NA
"2015-09-09",NA,NA,NA,NA,NA,NA,NA,NA,NA,2635,2635,0,2540,2540,0,2301,2318,39758,2329,2391,50,2288,2299,3002,2358,2358,0,NA,NA,NA,NA,NA,NA,NA,NA,NA
"2015-09-10",NA,NA,NA,NA,NA,NA,NA,NA,NA,2700,2655,112,2559,2559,0,2301,2288,81900,2324,2334,8,2277,2278,4298,2337,2337,0,NA,NA,NA,NA,NA,NA,NA,NA,NA
"2015-09-11",NA,NA,NA,NA,NA,NA,NA,NA,NA,2655,2655,0,2559,2559,0,2304,2311,34206,2342,2342,2,2276,2277,4958,2336,2336,0,NA,NA,NA,NA,NA,NA,NA,NA,NA
"2015-09-14",NA,NA,NA,NA,NA,NA,NA,NA,NA,2600,2600,200,2506,2506,0,2282,2288,44248,2327,2327,0,2240,2252,6924,2311,2311,0,NA,NA,NA,NA,NA,NA,NA,NA,NA
"2015-09-15",NA,NA,NA,NA,NA,NA,NA,NA,NA,2755,2755,108,2606,2606,0,2282,2279,35166,2296,2299,12,2241,2242,4468,2301,2301,0,NA,NA,NA,NA,NA,NA,NA,NA,NA
"2015-09-16",NA,NA,NA,NA,NA,NA,NA,NA,NA,2672,2672,0,2606,2606,0,2302,2296,51320,2319,2319,10,2267,2254,12144,2313,2313,0,NA,NA,NA,NA,NA,NA,NA,NA,NA
"2015-09-17",NA,NA,NA,NA,NA,NA,NA,NA,NA,NA,NA,NA,2606,2606,0,2289,2292,35002,2319,2319,0,2253,2254,9342,2313,2313,0,2218,2253,3716,NA,NA,NA,NA,NA,NA
"2015-09-18",NA,NA,NA,NA,NA,NA,NA,NA,NA,NA,NA,NA,2606,2606,0,2252,2263,99692,2314,2314,2,2182,2208,26904,2266,2266,0,2180,2186,4474,NA,NA,NA,NA,NA,NA
"2015-09-21",NA,NA,NA,NA,NA,NA,NA,NA,NA,NA,NA,NA,2606,2606,0,2267,2279,78894,2309,2309,4,2186,2187,23360,2245,2245,0,2123,2129,8040,NA,NA,NA,NA,NA,NA
"2015-09-22",NA,NA,NA,NA,NA,NA,NA,NA,NA,NA,NA,NA,2708,2708,2,2239,2248,76178,2269,2269,2,2154,2162,21622,2220,2220,0,2086,2104,2174,NA,NA,NA,NA,NA,NA
"2015-09-23",NA,NA,NA,NA,NA,NA,NA,NA,NA,NA,NA,NA,2708,2708,0,2234,2229,73938,2269,2269,0,2172,2156,14818,2214,2214,0,2096,2085,1356,NA,NA,NA,NA,NA,NA
"2015-09-24",NA,NA,NA,NA,NA,NA,NA,NA,NA,NA,NA,NA,2708,2708,0,2234,2236,29916,2269,2269,0,2154,2162,11868,2220,2220,0,2076,2084,1640,NA,NA,NA,NA,NA,NA
"2015-09-25",NA,NA,NA,NA,NA,NA,NA,NA,NA,NA,NA,NA,2708,2708,0,2228,2234,30298,2269,2269,0,2148,2158,6714,2216,2216,0,2083,2087,1108,NA,NA,NA,NA,NA,NA
"2015-09-28",NA,NA,NA,NA,NA,NA,NA,NA,NA,NA,NA,NA,2669,2669,16,2229,2229,25588,2269,2269,0,2145,2145,9644,2203,2203,0,2077,2080,572,NA,NA,NA,NA,NA,NA
"2015-09-29",NA,NA,NA,NA,NA,NA,NA,NA,NA,NA,NA,NA,2669,2669,0,2192,2200,47366,2240,2240,0,2089,2102,16992,2159,2159,0,2010,2023,2390,NA,NA,NA,NA,NA,NA
"2015-09-30",NA,NA,NA,NA,NA,NA,NA,NA,NA,NA,NA,NA,2669,2669,0,2145,2161,63752,2130,2141,10,2067,2074,24904,2131,2131,0,2004,2010,4222,NA,NA,NA,NA,NA,NA
"2015-10-08",NA,NA,NA,NA,NA,NA,NA,NA,NA,NA,NA,NA,2669,2669,0,2041,2065,168204,2092,2081,46,1997,2016,39340,2072,2072,0,1956,1965,8684,NA,NA,NA,NA,NA,NA
"2015-10-09",NA,NA,NA,NA,NA,NA,NA,NA,NA,NA,NA,NA,2669,2669,0,2065,2067,170228,2114,2126,10,2024,2033,56412,2050,2050,2,1967,1979,12238,NA,NA,NA,NA,NA,NA
"2015-10-12",NA,NA,NA,NA,NA,NA,NA,NA,NA,NA,NA,NA,2669,2669,0,2048,2054,104436,2110,2108,12,1991,2007,40028,2024,2024,0,1937,1951,8392,NA,NA,NA,NA,NA,NA
"2015-10-13",NA,NA,NA,NA,NA,NA,NA,NA,NA,NA,NA,NA,2563,2563,0,1999,1999,273952,2051,2043,52,1963,1959,69036,1976,1976,0,1930,1923,15640,NA,NA,NA,NA,NA,NA
"2015-10-14",NA,NA,NA,NA,NA,NA,NA,NA,NA,NA,NA,NA,2410,2410,0,1979,1987,307042,2021,2032,16,1939,1941,101920,1958,1958,0,1922,1920,14946,NA,NA,NA,NA,NA,NA
"2015-10-15",NA,NA,NA,NA,NA,NA,NA,NA,NA,NA,NA,NA,2218,2270,24,1980,1989,193130,2024,2013,6,1945,1950,64572,1967,1967,0,1926,1929,10276,NA,NA,NA,NA,NA,NA
"2015-10-16",NA,NA,NA,NA,NA,NA,NA,NA,NA,NA,NA,NA,2180,2253,4,1981,1974,219190,2018,2002,18,1956,1944,80176,1961,1961,0,1929,1926,12376,NA,NA,NA,NA,NA,NA
"2015-10-19",NA,NA,NA,NA,NA,NA,NA,NA,NA,NA,NA,NA,2253,2253,0,1948,1969,224298,1990,2004,10,1952,1962,83454,1979,1979,0,1924,1933,10700,NA,NA,NA,NA,NA,NA
"2015-10-20",NA,NA,NA,NA,NA,NA,NA,NA,NA,NA,NA,NA,2253,2253,0,1953,1953,178186,1995,1997,10,1936,1943,71758,1960,1960,0,1918,1919,10508,NA,NA,NA,NA,NA,NA
"2015-10-21",NA,NA,NA,NA,NA,NA,NA,NA,NA,NA,NA,NA,2253,2253,0,1952,1957,138044,1997,1997,0,1940,1941,51326,1998,1930,6,1920,1927,13462,NA,NA,NA,NA,NA,NA
"2015-10-22",NA,NA,NA,NA,NA,NA,NA,NA,NA,NA,NA,NA,2253,2253,0,1914,1923,413896,1965,1968,16,1928,1925,117608,1927,1927,2,1899,1904,17104,NA,NA,NA,NA,NA,NA
"2015-10-23",NA,NA,NA,NA,NA,NA,NA,NA,NA,NA,NA,NA,2253,2253,0,1919,1909,297504,1982,1977,6,1942,1934,89176,1936,1936,0,1904,1899,8242,NA,NA,NA,NA,NA,NA
"2015-10-26",NA,NA,NA,NA,NA,NA,NA,NA,NA,NA,NA,NA,2253,2253,0,1947,1945,390200,2008,2012,12,1976,1974,157486,1976,1976,0,1927,1929,25724,NA,NA,NA,NA,NA,NA
"2015-10-27",NA,NA,NA,NA,NA,NA,NA,NA,NA,NA,NA,NA,2163,2163,2,1985,1970,360684,2030,2025,4,1993,1980,152526,1982,1982,0,1951,1937,16586,NA,NA,NA,NA,NA,NA
"2015-10-28",NA,NA,NA,NA,NA,NA,NA,NA,NA,NA,NA,NA,2077,2077,0,1944,1957,295810,2006,2018,44,1958,1963,132694,1965,1965,0,1927,1931,7558,NA,NA,NA,NA,NA,NA
"2015-10-29",NA,NA,NA,NA,NA,NA,NA,NA,NA,NA,NA,NA,2077,2077,0,1970,1962,356126,2016,2016,2,1963,1963,97990,1946,1946,2,1937,1937,9596,NA,NA,NA,NA,NA,NA
"2015-10-30",NA,NA,NA,NA,NA,NA,NA,NA,NA,NA,NA,NA,2077,2077,0,1963,1972,380236,1998,1987,22,1952,1960,81968,1944,1944,0,1932,1942,13118,NA,NA,NA,NA,NA,NA
"2015-11-02",NA,NA,NA,NA,NA,NA,NA,NA,NA,NA,NA,NA,2077,2077,2,1976,1974,207030,2002,2003,4,1966,1964,61116,1947,1947,0,1943,1944,13950,NA,NA,NA,NA,NA,NA
"2015-11-03",NA,NA,NA,NA,NA,NA,NA,NA,NA,NA,NA,NA,2077,2077,0,1990,1988,372512,2025,2025,4,1987,1986,189172,1968,1968,0,1964,1960,23786,NA,NA,NA,NA,NA,NA
"2015-11-04",NA,NA,NA,NA,NA,NA,NA,NA,NA,NA,NA,NA,2077,2077,0,2023,2019,340662,2058,2075,86,2025,2020,211174,2001,2001,0,1991,1988,23098,NA,NA,NA,NA,NA,NA
"2015-11-05",NA,NA,NA,NA,NA,NA,NA,NA,NA,NA,NA,NA,2077,2077,0,2042,2036,280308,2098,2093,50,2039,2035,172764,2015,2015,0,1999,2001,12816,NA,NA,NA,NA,NA,NA
"2015-11-06",NA,NA,NA,NA,NA,NA,NA,NA,NA,NA,NA,NA,2077,2077,0,2081,2057,410764,2120,2100,24,2070,2044,211760,2023,2023,0,2018,2008,14282,NA,NA,NA,NA,NA,NA
"2015-11-09",NA,NA,NA,NA,NA,NA,NA,NA,NA,NA,NA,NA,2077,2077,0,2097,2089,743814,2136,2133,36,2094,2089,492038,2067,2067,0,2049,2044,61834,NA,NA,NA,NA,NA,NA
"2015-11-10",NA,NA,NA,NA,NA,NA,NA,NA,NA,NA,NA,NA,2077,2077,0,2085,2084,619364,2108,2116,126,2044,2049,500188,2028,2028,0,1985,2001,48996,NA,NA,NA,NA,NA,NA
"2015-11-11",NA,NA,NA,NA,NA,NA,NA,NA,NA,NA,NA,NA,2077,2077,0,2116,2097,543008,2114,2114,0,2045,2035,269316,2015,2015,0,1984,1979,33300,NA,NA,NA,NA,NA,NA
"2015-11-12",NA,NA,NA,NA,NA,NA,NA,NA,NA,NA,NA,NA,2077,2077,0,2180,2152,1008772,2172,2154,26,2116,2080,818774,2059,2059,0,2028,2011,101978,NA,NA,NA,NA,NA,NA
"2015-11-13",NA,NA,NA,NA,NA,NA,NA,NA,NA,NA,NA,NA,2077,2077,0,2220,2201,659276,2206,2192,10,2137,2128,603126,2109,2134,10,2037,2033,49350,NA,NA,NA,NA,NA,NA
"2015-11-16",NA,NA,NA,NA,NA,NA,NA,NA,NA,NA,NA,NA,NA,NA,NA,2212,2203,611624,2188,2203,24,2123,2120,714682,2125,2120,14,2035,2040,43982,2011,2011,0,NA,NA,NA
"2015-11-17",NA,NA,NA,NA,NA,NA,NA,NA,NA,NA,NA,NA,NA,NA,NA,2205,2195,441506,2208,2192,10,2118,2105,754336,2089,2091,10,2043,2027,30390,2088,2083,20,NA,NA,NA
"2015-11-18",NA,NA,NA,NA,NA,NA,NA,NA,NA,NA,NA,NA,NA,NA,NA,2196,2195,342690,2180,2203,6,2115,2114,832008,2091,2091,0,2056,2058,73236,2041,2010,26,NA,NA,NA
"2015-11-19",NA,NA,NA,NA,NA,NA,NA,NA,NA,NA,NA,NA,NA,NA,NA,2184,2176,293108,2245,2245,2,2084,2081,885264,2100,2100,2,2031,2028,46352,2005,2007,6,NA,NA,NA
"2015-11-20",NA,NA,NA,NA,NA,NA,NA,NA,NA,NA,NA,NA,NA,NA,NA,2198,2200,470214,2210,2212,14,2096,2087,1114406,2142,2108,6,2021,2014,71544,2007,2007,0,NA,NA,NA
"2015-11-23",NA,NA,NA,NA,NA,NA,NA,NA,NA,NA,NA,NA,NA,NA,NA,2223,2217,270388,2212,2212,0,2120,2110,901642,2131,2131,0,2043,2033,31134,2050,2038,4,NA,NA,NA
"2015-11-24",NA,NA,NA,NA,NA,NA,NA,NA,NA,NA,NA,NA,NA,NA,NA,2235,2250,314162,2250,2263,4,2135,2146,1386866,2167,2167,0,2048,2060,60816,2038,2038,0,NA,NA,NA
"2015-11-25",NA,NA,NA,NA,NA,NA,NA,NA,NA,NA,NA,NA,NA,NA,NA,2268,2241,201920,2263,2263,0,2168,2140,1092756,2252,2225,4,2067,2051,63160,2038,2038,0,NA,NA,NA
"2015-11-26",NA,NA,NA,NA,NA,NA,NA,NA,NA,NA,NA,NA,NA,NA,NA,2257,2269,124500,2260,2264,4,2155,2167,743270,2210,2208,12,2063,2070,46288,2111,2115,4,NA,NA,NA
"2015-11-27",NA,NA,NA,NA,NA,NA,NA,NA,NA,NA,NA,NA,NA,NA,NA,2289,2278,115754,2283,2283,0,2203,2183,903890,2210,2210,4,2103,2088,54080,2115,2115,0,NA,NA,NA
"2015-11-30",NA,NA,NA,NA,NA,NA,NA,NA,NA,NA,NA,NA,NA,NA,NA,2280,2279,84756,2283,2283,0,2190,2191,697734,2191,2200,12,2090,2094,34078,2089,2089,4,NA,NA,NA
"2015-12-01",NA,NA,NA,NA,NA,NA,NA,NA,NA,NA,NA,NA,NA,NA,NA,2259,2263,58258,2283,2283,0,2160,2171,721158,2180,2180,0,2067,2075,29226,2070,2095,4,NA,NA,NA
"2015-12-02",NA,NA,NA,NA,NA,NA,NA,NA,NA,NA,NA,NA,NA,NA,NA,2261,2261,28192,2283,2283,0,2157,2163,574792,2172,2172,0,2065,2069,30078,2095,2095,0,NA,NA,NA
"2015-12-03",NA,NA,NA,NA,NA,NA,NA,NA,NA,NA,NA,NA,NA,NA,NA,2264,2262,17634,2283,2283,0,2166,2162,530784,2171,2171,0,2070,2065,19528,2086,2086,0,NA,NA,NA
"2015-12-04",NA,NA,NA,NA,NA,NA,NA,NA,NA,NA,NA,NA,NA,NA,NA,2217,2223,96284,2275,2275,0,2108,2127,1067972,2170,2170,8,2013,2036,76162,2085,2085,6,NA,NA,NA
"2015-12-07",NA,NA,NA,NA,NA,NA,NA,NA,NA,NA,NA,NA,NA,NA,NA,2192,2201,63414,2253,2253,0,2074,2084,967676,2121,2134,6,1979,1989,85178,2005,2004,4,NA,NA,NA
"2015-12-08",NA,NA,NA,NA,NA,NA,NA,NA,NA,NA,NA,NA,NA,NA,NA,2190,2188,47582,2166,2191,8,2063,2058,692026,2101,2101,2,1968,1962,57452,2004,2004,0,NA,NA,NA
"2015-12-09",NA,NA,NA,NA,NA,NA,NA,NA,NA,NA,NA,NA,NA,NA,NA,2182,2180,24924,2191,2191,0,2038,2047,641576,2090,2090,0,1940,1953,57882,2010,2010,2,NA,NA,NA
"2015-12-10",NA,NA,NA,NA,NA,NA,NA,NA,NA,NA,NA,NA,NA,NA,NA,2208,2195,24258,2191,2191,0,2065,2048,667922,2099,2099,2,1968,1949,68870,2010,2010,0,NA,NA,NA
"2015-12-11",NA,NA,NA,NA,NA,NA,NA,NA,NA,NA,NA,NA,NA,NA,NA,2211,2200,21554,2191,2191,0,2076,2063,488716,2104,2104,0,1974,1965,41194,1966,1963,28,NA,NA,NA
"2015-12-14",NA,NA,NA,NA,NA,NA,NA,NA,NA,NA,NA,NA,NA,NA,NA,2223,2216,11596,2149,2157,12,2067,2066,510436,2105,2105,2,1951,1956,59868,1948,1940,12,NA,NA,NA
"2015-12-15",NA,NA,NA,NA,NA,NA,NA,NA,NA,NA,NA,NA,NA,NA,NA,2248,2241,20684,2167,2167,0,2090,2086,605520,2123,2123,8,1966,1969,43310,1940,1940,0,NA,NA,NA
"2015-12-16",NA,NA,NA,NA,NA,NA,NA,NA,NA,NA,NA,NA,NA,NA,NA,2269,2260,15846,2168,2170,6,2082,2084,339280,2112,2112,8,1957,1963,26014,1950,1950,4,NA,NA,NA
"2015-12-17",NA,NA,NA,NA,NA,NA,NA,NA,NA,NA,NA,NA,NA,NA,NA,2304,2291,14716,2170,2196,6,2120,2102,545120,2135,2107,44,1972,1965,47236,1950,1950,0,NA,NA,NA
"2015-12-18",NA,NA,NA,NA,NA,NA,NA,NA,NA,NA,NA,NA,NA,NA,NA,2298,2299,19384,2196,2196,0,2133,2130,597196,2142,2142,2,2015,1993,68340,1963,1963,0,NA,NA,NA
"2015-12-21",NA,NA,NA,NA,NA,NA,NA,NA,NA,NA,NA,NA,NA,NA,NA,2298,2296,13896,2170,2171,6,2125,2123,510518,2135,2135,0,2008,2008,67000,1963,1959,4,NA,NA,NA
"2015-12-22",NA,NA,NA,NA,NA,NA,NA,NA,NA,NA,NA,NA,NA,NA,NA,2255,2292,21816,2171,2171,0,2097,2129,1122202,2120,2120,2,1979,2003,161074,1980,1990,12,NA,NA,NA
"2015-12-23",NA,NA,NA,NA,NA,NA,NA,NA,NA,NA,NA,NA,NA,NA,NA,2255,2255,9258,2164,2161,28,2093,2086,618512,2051,2093,6,1972,1967,63162,1970,1964,14,NA,NA,NA
"2015-12-24",NA,NA,NA,NA,NA,NA,NA,NA,NA,NA,NA,NA,NA,NA,NA,2255,2256,6030,2161,2161,0,2088,2089,515416,2096,2096,0,1961,1963,59680,1964,1964,0,NA,NA,NA
"2015-12-25",NA,NA,NA,NA,NA,NA,NA,NA,NA,NA,NA,NA,NA,NA,NA,2256,2263,4214,2109,2083,20,2063,2080,609014,2087,2087,0,1923,1942,113316,1942,1941,6,NA,NA,NA
"2015-12-28",NA,NA,NA,NA,NA,NA,NA,NA,NA,NA,NA,NA,NA,NA,NA,2218,2225,10050,2050,2065,4,1997,2023,1076406,2004,2004,0,1865,1887,197136,1865,1879,10,NA,NA,NA
"2015-12-29",NA,NA,NA,NA,NA,NA,NA,NA,NA,NA,NA,NA,NA,NA,NA,2252,2252,2350,2123,2099,136,2043,2027,943800,2007,2007,0,1876,1863,318216,1878,1879,4,NA,NA,NA
"2015-12-30",NA,NA,NA,NA,NA,NA,NA,NA,NA,NA,NA,NA,NA,NA,NA,2261,2263,5632,2180,2180,2,2044,2053,1028908,2040,2038,20,1891,1892,324966,1882,1894,12,NA,NA,NA
"2015-12-31",NA,NA,NA,NA,NA,NA,NA,NA,NA,NA,NA,NA,NA,NA,NA,2239,2267,16016,2229,2202,54,2054,2046,867142,2032,2032,0,1896,1894,116544,1895,1899,20,NA,NA,NA
"2016-01-04",NA,NA,NA,NA,NA,NA,NA,NA,NA,NA,NA,NA,NA,NA,NA,2170,2191,7810,2137,2149,14,2050,2046,835468,2032,2032,0,1895,1891,158926,1879,1874,12,NA,NA,NA
"2016-01-05",NA,NA,NA,NA,NA,NA,NA,NA,NA,NA,NA,NA,NA,NA,NA,2249,2249,2,2149,2149,0,2076,2055,692650,2032,2032,0,1924,1905,132740,1898,1885,14,NA,NA,NA
"2016-01-06",NA,NA,NA,NA,NA,NA,NA,NA,NA,NA,NA,NA,NA,NA,NA,2200,2224,842,2213,2152,74,2081,2071,740636,2055,2059,18,1932,1920,169136,1902,1898,20,NA,NA,NA
"2016-01-07",NA,NA,NA,NA,NA,NA,NA,NA,NA,NA,NA,NA,NA,NA,NA,2200,2202,1060,2166,2166,10,2036,2056,903698,2045,2045,0,1891,1911,165042,1867,1875,16,NA,NA,NA
"2016-01-08",NA,NA,NA,NA,NA,NA,NA,NA,NA,NA,NA,NA,NA,NA,NA,2206,2206,100,2160,2160,0,2046,2043,661654,2045,2045,0,1899,1896,106044,1864,1874,32,NA,NA,NA
"2016-01-11",NA,NA,NA,NA,NA,NA,NA,NA,NA,NA,NA,NA,NA,NA,NA,2203,2203,80,2160,2160,4,2061,2056,778980,2045,2045,0,1897,1897,132516,1862,1865,14,NA,NA,NA
"2016-01-12",NA,NA,NA,NA,NA,NA,NA,NA,NA,NA,NA,NA,NA,NA,NA,2335,2228,16,2160,2160,0,2078,2068,843684,2047,2047,0,1903,1895,126322,1861,1861,2,NA,NA,NA
"2016-01-13",NA,NA,NA,NA,NA,NA,NA,NA,NA,NA,NA,NA,NA,NA,NA,2096,2246,5220,2148,2189,4,2072,2072,663264,2040,2040,2,1902,1902,88904,1861,1861,0,NA,NA,NA
"2016-01-14",NA,NA,NA,NA,NA,NA,NA,NA,NA,NA,NA,NA,NA,NA,NA,2112,2112,62,2147,2118,82,2071,2072,1000098,2055,2057,4,1890,1896,172820,1857,1857,12,NA,NA,NA
"2016-01-15",NA,NA,NA,NA,NA,NA,NA,NA,NA,NA,NA,NA,NA,NA,NA,2050,2163,7070,2118,2118,0,2079,2068,606324,2019,2019,2,1896,1885,195718,1865,1865,2,NA,NA,NA
"2016-01-18",NA,NA,NA,NA,NA,NA,NA,NA,NA,NA,NA,NA,NA,NA,NA,NA,NA,NA,2118,2118,0,2090,2089,594674,2035,2035,0,1929,1919,245398,1879,1871,14,1815,1807,19972
"2016-01-19",NA,NA,NA,NA,NA,NA,NA,NA,NA,NA,NA,NA,NA,NA,NA,NA,NA,NA,2118,2118,0,2083,2076,698678,2035,2035,0,1930,1926,181802,1880,1880,0,1815,1815,17720
"2016-01-20",NA,NA,NA,NA,NA,NA,NA,NA,NA,NA,NA,NA,NA,NA,NA,NA,NA,NA,2118,2118,0,2085,2087,765272,2045,2045,0,1930,1934,125812,1868,1880,8,1815,1814,20558
"2016-01-21",NA,NA,NA,NA,NA,NA,NA,NA,NA,NA,NA,NA,NA,NA,NA,NA,NA,NA,2118,2118,0,2095,2087,519100,2038,2039,4,1937,1934,69554,1872,1873,14,1813,1815,8338
"2016-01-22",NA,NA,NA,NA,NA,NA,NA,NA,NA,NA,NA,NA,NA,NA,NA,NA,NA,NA,2179,2142,6,2140,2126,794594,2063,2071,8,1972,1962,135416,1888,1888,6,1835,1827,26022
"2016-01-25",NA,NA,NA,NA,NA,NA,NA,NA,NA,NA,NA,NA,NA,NA,NA,NA,NA,NA,2153,2150,6,2154,2141,443654,2085,2085,0,1977,1969,52578,1884,1878,24,1835,1832,5176
"2016-01-26",NA,NA,NA,NA,NA,NA,NA,NA,NA,NA,NA,NA,NA,NA,NA,NA,NA,NA,2115,2121,10,2128,2140,599240,2073,2073,0,1955,1967,118774,1878,1878,0,1828,1829,13002
"2016-01-27",NA,NA,NA,NA,NA,NA,NA,NA,NA,NA,NA,NA,NA,NA,NA,NA,NA,NA,2121,2121,0,2149,2136,393794,2070,2070,0,1965,1958,57044,1878,1878,0,1832,1828,7874
"2016-01-28",NA,NA,NA,NA,NA,NA,NA,NA,NA,NA,NA,NA,NA,NA,NA,NA,NA,NA,2133,2135,6,2140,2137,385528,2070,2070,0,1942,1945,105078,1876,1876,0,1808,1809,24414
"2016-01-29",NA,NA,NA,NA,NA,NA,NA,NA,NA,NA,NA,NA,NA,NA,NA,NA,NA,NA,2090,2124,236,2116,2121,443346,2055,2055,0,1920,1929,110372,1850,1852,4,1788,1800,17166
"2016-02-01",NA,NA,NA,NA,NA,NA,NA,NA,NA,NA,NA,NA,NA,NA,NA,NA,NA,NA,2127,2145,30,2127,2127,229098,2055,2055,0,1938,1932,72436,1852,1852,0,1803,1798,6882
"2016-02-02",NA,NA,NA,NA,NA,NA,NA,NA,NA,NA,NA,NA,NA,NA,NA,NA,NA,NA,2145,2145,0,2131,2127,220450,2061,2061,2,1948,1942,85760,1856,1856,2,1820,1813,14220
"2016-02-03",NA,NA,NA,NA,NA,NA,NA,NA,NA,NA,NA,NA,NA,NA,NA,NA,NA,NA,2126,2145,32,2138,2134,192706,2069,2068,4,1956,1952,52854,1856,1855,6,1822,1822,7360
"2016-02-04",NA,NA,NA,NA,NA,NA,NA,NA,NA,NA,NA,NA,NA,NA,NA,NA,NA,NA,2117,2134,16,2143,2148,252896,2082,2082,2,1956,1963,60486,1859,1857,4,1825,1826,9250
"2016-02-05",NA,NA,NA,NA,NA,NA,NA,NA,NA,NA,NA,NA,NA,NA,NA,NA,NA,NA,2108,2108,2,2139,2139,134246,2079,2082,16,1951,1949,34106,1845,1831,12,1820,1831,5386
"2016-02-15",NA,NA,NA,NA,NA,NA,NA,NA,NA,NA,NA,NA,NA,NA,NA,NA,NA,NA,2108,2108,0,2169,2157,195486,2089,2109,12,1962,1954,41884,1857,1860,6,1827,1822,6354
"2016-02-16",NA,NA,NA,NA,NA,NA,NA,NA,NA,NA,NA,NA,NA,NA,NA,NA,NA,NA,2154,2150,8,2156,2160,187454,2111,2111,0,1963,1957,49382,1860,1860,0,1825,1823,11008
"2016-02-17",NA,NA,NA,NA,NA,NA,NA,NA,NA,NA,NA,NA,NA,NA,NA,NA,NA,NA,2150,2150,0,2107,2122,484698,2074,2074,0,1935,1944,153460,1860,1860,0,1813,1814,14354
"2016-02-18",NA,NA,NA,NA,NA,NA,NA,NA,NA,NA,NA,NA,NA,NA,NA,NA,NA,NA,2170,2188,66,2091,2095,492672,2030,2059,328,1919,1923,112228,1844,1830,12,1809,1810,12066
"2016-02-19",NA,NA,NA,NA,NA,NA,NA,NA,NA,NA,NA,NA,NA,NA,NA,NA,NA,NA,2188,2188,0,2077,2092,480340,2052,2040,6,1900,1918,137198,1824,1824,2,1791,1804,23200
"2016-02-22",NA,NA,NA,NA,NA,NA,NA,NA,NA,NA,NA,NA,NA,NA,NA,NA,NA,NA,2170,2172,18,2080,2081,425612,2024,2024,0,1895,1902,133060,1822,1822,0,1783,1787,35876
"2016-02-23",NA,NA,NA,NA,NA,NA,NA,NA,NA,NA,NA,NA,NA,NA,NA,NA,NA,NA,2148,2156,6,2090,2073,682208,2017,2017,0,1901,1891,151310,1822,1822,0,1794,1781,40330
"2016-02-24",NA,NA,NA,NA,NA,NA,NA,NA,NA,NA,NA,NA,NA,NA,NA,NA,NA,NA,2130,2130,2,2067,2072,567124,2000,2000,6,1879,1886,119386,1809,1809,6,1783,1780,34612
"2016-02-25",NA,NA,NA,NA,NA,NA,NA,NA,NA,NA,NA,NA,NA,NA,NA,NA,NA,NA,2130,2130,0,2067,2068,358050,1997,2005,6,1879,1891,152066,1809,1809,0,1784,1792,35266
"2016-02-26",NA,NA,NA,NA,NA,NA,NA,NA,NA,NA,NA,NA,NA,NA,NA,NA,NA,NA,2045,2045,2,2064,2073,426370,2005,2005,0,1864,1884,115104,1803,1803,0,1779,1790,33608
"2016-02-29",NA,NA,NA,NA,NA,NA,NA,NA,NA,NA,NA,NA,NA,NA,NA,NA,NA,NA,2126,2120,56,2049,2024,1089146,1961,1952,10,1827,1818,550246,1765,1751,36,1757,1754,72532
"2016-03-01",NA,NA,NA,NA,NA,NA,NA,NA,NA,NA,NA,NA,NA,NA,NA,NA,NA,NA,2120,2120,0,2077,2068,666666,1952,1952,0,1890,1866,314570,1802,1788,4,1795,1785,63590
"2016-03-02",NA,NA,NA,NA,NA,NA,NA,NA,NA,NA,NA,NA,NA,NA,NA,NA,NA,NA,2050,2050,2,2070,2066,363846,1952,1952,0,1887,1891,162088,1796,1796,0,1791,1789,27682
"2016-03-03",NA,NA,NA,NA,NA,NA,NA,NA,NA,NA,NA,NA,NA,NA,NA,NA,NA,NA,2050,2050,0,2104,2091,655892,1960,1960,0,1926,1915,248872,1818,1817,36,1818,1805,22930
"2016-03-04",NA,NA,NA,NA,NA,NA,NA,NA,NA,NA,NA,NA,NA,NA,NA,NA,NA,NA,2050,2050,0,2127,2115,405284,1960,1960,0,1932,1934,152600,1816,1817,6,1826,1822,18242
"2016-03-07",NA,NA,NA,NA,NA,NA,NA,NA,NA,NA,NA,NA,NA,NA,NA,NA,NA,NA,2050,2050,0,2108,2109,553740,1995,1998,8,1912,1919,250302,1810,1813,20,1816,1818,31652
"2016-03-08",NA,NA,NA,NA,NA,NA,NA,NA,NA,NA,NA,NA,NA,NA,NA,NA,NA,NA,2050,2050,16,2105,2107,307382,1998,1998,0,1913,1915,160120,1825,1815,16,1814,1820,20298
"2016-03-09",NA,NA,NA,NA,NA,NA,NA,NA,NA,NA,NA,NA,NA,NA,NA,NA,NA,NA,2050,2050,0,2099,2100,336828,1998,1998,0,1918,1914,149114,1810,1816,4,1815,1814,10496
"2016-03-10",NA,NA,NA,NA,NA,NA,NA,NA,NA,NA,NA,NA,NA,NA,NA,NA,NA,NA,2055,2055,16,2070,2082,409596,1996,1996,0,1912,1916,254860,1810,1817,6,1816,1820,18462
"2016-03-11",NA,NA,NA,NA,NA,NA,NA,NA,NA,NA,NA,NA,NA,NA,NA,NA,NA,NA,2055,2055,0,2116,2094,499836,2045,2020,4,1936,1927,187636,1826,1826,12,1844,1831,24810
"2016-03-14",NA,NA,NA,NA,NA,NA,NA,NA,NA,NA,NA,NA,NA,NA,NA,NA,NA,NA,2052,2052,0,2073,2084,374224,1996,1996,2,1901,1916,213312,1810,1820,6,1822,1832,25746
"2016-03-15",NA,NA,NA,NA,NA,NA,NA,NA,NA,NA,NA,NA,NA,NA,NA,NA,NA,NA,NA,NA,NA,2074,2068,287836,1992,1992,0,1916,1907,173550,1806,1805,14,1828,1825,7046
"2016-03-16",NA,NA,NA,NA,NA,NA,NA,NA,NA,NA,NA,NA,NA,NA,NA,NA,NA,NA,NA,NA,NA,2041,2055,353888,1975,1975,0,1913,1912,116370,1819,1815,4,1824,1826,9658
"2016-03-17",NA,NA,NA,NA,NA,NA,NA,NA,NA,NA,NA,NA,NA,NA,NA,NA,NA,NA,NA,NA,NA,2037,2038,367414,1971,1952,38,1907,1906,161670,1822,1819,26,1823,1821,16558
"2016-03-18",NA,NA,NA,NA,NA,NA,NA,NA,NA,NA,NA,NA,NA,NA,NA,NA,NA,NA,NA,NA,NA,2066,2069,461578,1952,1952,0,1959,1945,375954,1853,1842,20,1863,1854,42616
"2016-03-21",NA,NA,NA,NA,NA,NA,NA,NA,NA,NA,NA,NA,NA,NA,NA,NA,NA,NA,NA,NA,NA,2085,2082,237784,1970,1970,0,2001,1991,445874,1915,1893,46,1894,1888,46860
"2016-03-22",NA,NA,NA,NA,NA,NA,NA,NA,NA,NA,NA,NA,NA,NA,NA,NA,NA,NA,NA,NA,NA,2072,2077,139750,1966,1966,0,1989,1998,342758,1899,1905,4,1888,1894,20612
"2016-03-23",NA,NA,NA,NA,NA,NA,NA,NA,NA,NA,NA,NA,NA,NA,NA,NA,NA,NA,NA,NA,NA,2058,2063,112468,2007,2012,16,1998,2001,365600,1912,1914,14,1903,1907,33468
"2016-03-24",NA,NA,NA,NA,NA,NA,NA,NA,NA,NA,NA,NA,NA,NA,NA,NA,NA,NA,NA,NA,NA,2040,2047,102150,2012,2012,0,1972,1976,344840,1892,1892,8,1869,1872,35082
"2016-03-25",NA,NA,NA,NA,NA,NA,NA,NA,NA,NA,NA,NA,NA,NA,NA,NA,NA,NA,NA,NA,NA,2054,2048,38072,2012,2012,0,1976,1976,238140,1890,1890,4,1855,1857,30540
"2016-03-28",NA,NA,NA,NA,NA,NA,NA,NA,NA,NA,NA,NA,NA,NA,NA,NA,NA,NA,NA,NA,NA,2018,2022,81812,1998,1998,0,1922,1934,391598,1868,1856,6,1808,1822,63616
"2016-03-29",NA,NA,NA,NA,NA,NA,NA,NA,NA,NA,NA,NA,NA,NA,NA,NA,NA,NA,NA,NA,NA,2028,2024,45816,1999,1999,0,1938,1932,280134,1844,1844,4,1812,1810,50456
"2016-03-30",NA,NA,NA,NA,NA,NA,NA,NA,NA,NA,NA,NA,NA,NA,NA,NA,NA,NA,NA,NA,NA,2023,2027,16484,2001,2001,0,1935,1938,117024,1882,1865,4,1812,1814,18930
"2016-03-31",NA,NA,NA,NA,NA,NA,NA,NA,NA,NA,NA,NA,NA,NA,NA,NA,NA,NA,NA,NA,NA,2018,2014,23718,1933,1947,4,1913,1914,278126,1849,1855,4,1782,1790,51356
"2016-04-01",NA,NA,NA,NA,NA,NA,NA,NA,NA,NA,NA,NA,NA,NA,NA,NA,NA,NA,NA,NA,NA,2024,2020,12914,1955,1955,2,1913,1913,164490,1850,1850,0,1790,1784,40350
"2016-04-05",NA,NA,NA,NA,NA,NA,NA,NA,NA,NA,NA,NA,NA,NA,NA,NA,NA,NA,NA,NA,NA,2035,2034,19824,1968,1968,0,1933,1935,222368,1850,1850,0,1810,1810,41934
"2016-04-06",NA,NA,NA,NA,NA,NA,NA,NA,NA,NA,NA,NA,NA,NA,NA,NA,NA,NA,NA,NA,NA,2027,2032,6052,1967,1967,0,1934,1934,129068,1850,1850,0,1806,1807,20248
"2016-04-07",NA,NA,NA,NA,NA,NA,NA,NA,NA,NA,NA,NA,NA,NA,NA,NA,NA,NA,NA,NA,NA,2025,2025,6462,1980,1978,4,1912,1920,170028,1847,1847,0,1800,1802,24744
"2016-04-08",NA,NA,NA,NA,NA,NA,NA,NA,NA,NA,NA,NA,NA,NA,NA,NA,NA,NA,NA,NA,NA,2023,2021,8116,1949,1928,4,1919,1911,173992,1839,1839,0,1804,1801,19608
"2016-04-11",NA,NA,NA,NA,NA,NA,NA,NA,NA,NA,NA,NA,NA,NA,NA,NA,NA,NA,NA,NA,NA,2024,2018,14404,1931,1931,0,1930,1919,236604,1842,1842,0,1813,1807,39352
"2016-04-12",NA,NA,NA,NA,NA,NA,NA,NA,NA,NA,NA,NA,NA,NA,NA,NA,NA,NA,NA,NA,NA,2030,2029,15580,1946,1946,0,1954,1947,347730,1873,1873,2,1822,1819,41708
"2016-04-13",NA,NA,NA,NA,NA,NA,NA,NA,NA,NA,NA,NA,NA,NA,NA,NA,NA,NA,NA,NA,NA,2035,2035,12892,1951,1951,0,1962,1973,360178,1884,1883,12,1828,1835,70238
"2016-04-14",NA,NA,NA,NA,NA,NA,NA,NA,NA,NA,NA,NA,NA,NA,NA,NA,NA,NA,NA,NA,NA,2023,2032,13218,1992,1986,6,2001,1992,357906,1903,1903,2,1867,1855,93042
"2016-04-15",NA,NA,NA,NA,NA,NA,NA,NA,NA,NA,NA,NA,NA,NA,NA,NA,NA,NA,NA,NA,NA,2022,2017,9826,2011,2010,28,1982,1989,274808,1895,1906,8,1851,1859,72040
"2016-04-18",NA,NA,NA,NA,NA,NA,NA,NA,NA,NA,NA,NA,NA,NA,NA,NA,NA,NA,NA,NA,NA,2054,2049,8912,2062,2034,22,2056,2058,1058356,1968,1969,24,1905,1908,199434
"2016-04-19",NA,NA,NA,NA,NA,NA,NA,NA,NA,NA,NA,NA,NA,NA,NA,NA,NA,NA,NA,NA,NA,2048,2034,5222,2034,2034,0,2068,2076,485776,1948,1972,10,1913,1919,81498
"2016-04-20",NA,NA,NA,NA,NA,NA,NA,NA,NA,NA,NA,NA,NA,NA,NA,NA,NA,NA,NA,NA,NA,2070,2073,6306,2067,2070,6,2134,2131,523706,2024,2028,22,1967,1963,109958
"2016-04-21",NA,NA,NA,NA,NA,NA,NA,NA,NA,NA,NA,NA,NA,NA,NA,NA,NA,NA,NA,NA,NA,2080,2091,9136,2087,2087,0,2216,2205,511190,2102,2105,4,2041,2037,71238
"2016-04-22",NA,NA,NA,NA,NA,NA,NA,NA,NA,NA,NA,NA,NA,NA,NA,NA,NA,NA,NA,NA,NA,2044,2049,6794,2164,2055,8,2143,2157,731726,2121,2085,16,2005,2031,219438
"2016-04-25",NA,NA,NA,NA,NA,NA,NA,NA,NA,NA,NA,NA,NA,NA,NA,NA,NA,NA,NA,NA,NA,2052,2046,1170,2059,2059,0,2169,2158,409584,2049,2056,8,2026,2024,85530
"2016-04-26",NA,NA,NA,NA,NA,NA,NA,NA,NA,NA,NA,NA,NA,NA,NA,NA,NA,NA,NA,NA,NA,2047,2050,2112,2059,2059,0,2156,2162,351818,2056,2056,0,2023,2031,60220
"2016-04-27",NA,NA,NA,NA,NA,NA,NA,NA,NA,NA,NA,NA,NA,NA,NA,NA,NA,NA,NA,NA,NA,2049,2061,1710,2108,2108,0,2100,2127,375332,2023,2023,0,1974,1994,76926
"2016-04-28",NA,NA,NA,NA,NA,NA,NA,NA,NA,NA,NA,NA,NA,NA,NA,NA,NA,NA,NA,NA,NA,2034,2042,1826,2105,2105,0,2106,2094,317500,2023,2023,0,1973,1966,64256
"2016-04-29",NA,NA,NA,NA,NA,NA,NA,NA,NA,NA,NA,NA,NA,NA,NA,NA,NA,NA,NA,NA,NA,2080,2040,2434,2105,2105,0,2102,2120,303978,2023,2023,0,1963,1978,50176
"2016-05-03",NA,NA,NA,NA,NA,NA,NA,NA,NA,NA,NA,NA,NA,NA,NA,NA,NA,NA,NA,NA,NA,2050,2027,8,2105,2105,0,2160,2145,362628,2038,2041,16,2004,1993,80824
"2016-05-04",NA,NA,NA,NA,NA,NA,NA,NA,NA,NA,NA,NA,NA,NA,NA,NA,NA,NA,NA,NA,NA,2040,2040,0,2105,2105,0,2144,2131,228040,2019,2019,2,1995,1983,53952
"2016-05-05",NA,NA,NA,NA,NA,NA,NA,NA,NA,NA,NA,NA,NA,NA,NA,NA,NA,NA,NA,NA,NA,2069,2060,120,2061,2061,0,2093,2100,397576,1982,1982,2,1958,1963,81780
"2016-05-06",NA,NA,NA,NA,NA,NA,NA,NA,NA,NA,NA,NA,NA,NA,NA,NA,NA,NA,NA,NA,NA,2079,2004,1108,2061,2061,2,2061,2064,256200,1946,1949,4,1927,1926,68032
"2016-05-09",NA,NA,NA,NA,NA,NA,NA,NA,NA,NA,NA,NA,NA,NA,NA,NA,NA,NA,NA,NA,NA,2020,2042,414,1998,2036,4,2042,2047,220726,1915,1922,6,1908,1917,64914
"2016-05-10",NA,NA,NA,NA,NA,NA,NA,NA,NA,NA,NA,NA,NA,NA,NA,NA,NA,NA,NA,NA,NA,2040,2037,194,2070,2047,6,2056,2052,212584,1926,1926,0,1918,1915,39496
"2016-05-11",NA,NA,NA,NA,NA,NA,NA,NA,NA,NA,NA,NA,NA,NA,NA,NA,NA,NA,NA,NA,NA,2012,2012,800,2036,2036,2,2128,2110,406972,1980,1980,0,1991,1975,136128
"2016-05-12",NA,NA,NA,NA,NA,NA,NA,NA,NA,NA,NA,NA,NA,NA,NA,NA,NA,NA,NA,NA,NA,2012,2012,0,2036,2036,0,2103,2104,312626,1980,1980,0,1968,1969,71076
"2016-05-13",NA,NA,NA,NA,NA,NA,NA,NA,NA,NA,NA,NA,NA,NA,NA,NA,NA,NA,NA,NA,NA,2000,2000,56,1993,1993,0,2071,2066,286092,1961,1961,2,1944,1945,75666
"2016-05-16",NA,NA,NA,NA,NA,NA,NA,NA,NA,NA,NA,NA,NA,NA,NA,NA,NA,NA,NA,NA,NA,2017,2017,0,1993,1993,0,2060,2070,189236,1954,1954,0,1942,1950,38830
"2016-05-17",NA,NA,NA,NA,NA,NA,NA,NA,NA,NA,NA,NA,NA,NA,NA,NA,NA,NA,NA,NA,NA,NA,NA,NA,1993,1993,0,2060,2070,189236,1954,1954,0,1942,1950,38830
