"DATETIME","SHFE.NI.2015.07.CLOSE","SHFE.NI.2015.07.SETTLE","SHFE.NI.2015.07.VOLUME","SHFE.NI.2015.08.CLOSE","SHFE.NI.2015.08.SETTLE","SHFE.NI.2015.08.VOLUME","SHFE.NI.2015.09.CLOSE","SHFE.NI.2015.09.SETTLE","SHFE.NI.2015.09.VOLUME","SHFE.NI.2015.10.CLOSE","SHFE.NI.2015.10.SETTLE","SHFE.NI.2015.10.VOLUME","SHFE.NI.2015.11.CLOSE","SHFE.NI.2015.11.SETTLE","SHFE.NI.2015.11.VOLUME","SHFE.NI.2015.12.CLOSE","SHFE.NI.2015.12.SETTLE","SHFE.NI.2015.12.VOLUME","SHFE.NI.2016.01.CLOSE","SHFE.NI.2016.01.SETTLE","SHFE.NI.2016.01.VOLUME","SHFE.NI.2016.02.CLOSE","SHFE.NI.2016.02.SETTLE","SHFE.NI.2016.02.VOLUME","SHFE.NI.2016.03.CLOSE","SHFE.NI.2016.03.SETTLE","SHFE.NI.2016.03.VOLUME","SHFE.NI.2016.04.CLOSE","SHFE.NI.2016.04.SETTLE","SHFE.NI.2016.04.VOLUME","SHFE.NI.2016.05.CLOSE","SHFE.NI.2016.05.SETTLE","SHFE.NI.2016.05.VOLUME","SHFE.NI.2016.06.CLOSE","SHFE.NI.2016.06.SETTLE","SHFE.NI.2016.06.VOLUME","SHFE.NI.2016.07.CLOSE","SHFE.NI.2016.07.SETTLE","SHFE.NI.2016.07.VOLUME","SHFE.NI.2016.08.CLOSE","SHFE.NI.2016.08.SETTLE","SHFE.NI.2016.08.VOLUME","SHFE.NI.2016.09.CLOSE","SHFE.NI.2016.09.SETTLE","SHFE.NI.2016.09.VOLUME","SHFE.NI.2016.10.CLOSE","SHFE.NI.2016.10.SETTLE","SHFE.NI.2016.10.VOLUME","SHFE.NI.2016.11.CLOSE","SHFE.NI.2016.11.SETTLE","SHFE.NI.2016.11.VOLUME","SHFE.NI.2016.12.CLOSE","SHFE.NI.2016.12.SETTLE","SHFE.NI.2016.12.VOLUME","SHFE.NI.2017.01.CLOSE","SHFE.NI.2017.01.SETTLE","SHFE.NI.2017.01.VOLUME"
"2015-03-27",101080,101180,28860,101210,101270,742,101000,101420,392,101970,101200,20,101260,101690,20,101000,101870,12,101240,101360,120,100900,101260,114,101430,100980,16,NA,NA,NA,NA,NA,NA,NA,NA,NA,NA,NA,NA,NA,NA,NA,NA,NA,NA,NA,NA,NA,NA,NA,NA,NA,NA,NA,NA,NA,NA
"2015-03-30",98430,98390,66684,98520,98380,796,98730,98800,574,98650,98490,18,97300,97260,6,99170,99310,64,98610,98860,276,98100,98710,18,99740,98890,60,NA,NA,NA,NA,NA,NA,NA,NA,NA,NA,NA,NA,NA,NA,NA,NA,NA,NA,NA,NA,NA,NA,NA,NA,NA,NA,NA,NA,NA,NA
"2015-03-31",95040,95950,105600,94900,95420,2070,94940,95920,1550,95580,95580,2,96040,96460,64,96220,97160,92,96530,97260,154,97000,97940,30,97100,98280,48,NA,NA,NA,NA,NA,NA,NA,NA,NA,NA,NA,NA,NA,NA,NA,NA,NA,NA,NA,NA,NA,NA,NA,NA,NA,NA,NA,NA,NA,NA
"2015-04-01",92500,92870,158952,92700,92910,1256,92460,92990,1116,93480,93510,6,92850,93550,76,93240,93460,6,93760,94080,192,97940,97940,0,95500,95500,0,NA,NA,NA,NA,NA,NA,NA,NA,NA,NA,NA,NA,NA,NA,NA,NA,NA,NA,NA,NA,NA,NA,NA,NA,NA,NA,NA,NA,NA,NA
"2015-04-02",96160,94320,202848,96000,94220,1456,95910,94090,1772,94140,94440,40,96310,95030,60,96040,95450,120,95740,95870,246,96600,96600,12,97300,97200,50,NA,NA,NA,NA,NA,NA,NA,NA,NA,NA,NA,NA,NA,NA,NA,NA,NA,NA,NA,NA,NA,NA,NA,NA,NA,NA,NA,NA,NA,NA
"2015-04-03",97300,96530,150282,96900,96390,318,96840,96140,492,97260,97260,2,96360,96360,0,96520,96220,14,97380,96360,42,96510,96510,4,97890,96990,28,NA,NA,NA,NA,NA,NA,NA,NA,NA,NA,NA,NA,NA,NA,NA,NA,NA,NA,NA,NA,NA,NA,NA,NA,NA,NA,NA,NA,NA,NA
"2015-04-07",96420,96790,75688,96070,96450,1222,96100,96610,1258,96020,97630,58,97640,97640,2,96380,96970,20,96460,97420,52,96600,97060,12,96660,97590,42,NA,NA,NA,NA,NA,NA,NA,NA,NA,NA,NA,NA,NA,NA,NA,NA,NA,NA,NA,NA,NA,NA,NA,NA,NA,NA,NA,NA,NA,NA
"2015-04-08",93950,94450,183088,93550,94280,1618,93580,94000,3328,93830,94250,8,94340,94490,24,94720,95210,8,94190,94440,316,94600,94040,30,94610,94870,58,NA,NA,NA,NA,NA,NA,NA,NA,NA,NA,NA,NA,NA,NA,NA,NA,NA,NA,NA,NA,NA,NA,NA,NA,NA,NA,NA,NA,NA,NA
"2015-04-09",94300,94500,160974,93840,94010,710,93700,94040,1838,94450,94570,18,94720,94850,4,94990,94990,4,94170,94060,148,93660,93660,0,94670,94890,20,NA,NA,NA,NA,NA,NA,NA,NA,NA,NA,NA,NA,NA,NA,NA,NA,NA,NA,NA,NA,NA,NA,NA,NA,NA,NA,NA,NA,NA,NA
"2015-04-10",94540,94080,137722,94240,93630,512,94140,93820,1078,94350,94350,0,93710,93710,6,94000,94260,10,94340,93700,108,93790,94030,8,94550,94350,18,NA,NA,NA,NA,NA,NA,NA,NA,NA,NA,NA,NA,NA,NA,NA,NA,NA,NA,NA,NA,NA,NA,NA,NA,NA,NA,NA,NA,NA,NA
"2015-04-13",95230,94720,180214,94830,94180,1188,94560,94110,3312,94930,93780,42,94460,94460,8,94000,94000,2,95350,94470,310,94800,94800,0,95670,94700,16,NA,NA,NA,NA,NA,NA,NA,NA,NA,NA,NA,NA,NA,NA,NA,NA,NA,NA,NA,NA,NA,NA,NA,NA,NA,NA,NA,NA,NA,NA
"2015-04-14",93100,93740,199150,92730,93180,1904,92680,93140,7562,93280,93440,26,94190,94210,6,91750,92640,16,93400,93630,400,93850,94120,8,93420,94020,96,NA,NA,NA,NA,NA,NA,NA,NA,NA,NA,NA,NA,NA,NA,NA,NA,NA,NA,NA,NA,NA,NA,NA,NA,NA,NA,NA,NA,NA,NA
"2015-04-15",94730,93970,220106,93800,93470,1610,93790,93600,5028,93440,93440,0,92740,92740,2,94200,93120,10,94860,94060,232,94550,94550,0,94280,94090,6,NA,NA,NA,NA,NA,NA,NA,NA,NA,NA,NA,NA,NA,NA,NA,NA,NA,NA,NA,NA,NA,NA,NA,NA,NA,NA,NA,NA,NA,NA
"2015-04-16",95400,95090,195920,94550,94360,1534,94340,93990,4902,93440,93440,0,95310,94980,6,94050,94520,4,94230,94400,502,94960,94870,16,95030,95290,10,95060,95060,2,NA,NA,NA,NA,NA,NA,NA,NA,NA,NA,NA,NA,NA,NA,NA,NA,NA,NA,NA,NA,NA,NA,NA,NA,NA,NA,NA
"2015-04-17",95850,95900,168702,94700,94790,1794,94220,94430,5200,93800,94360,56,94500,95140,4,94470,94770,18,94190,94460,292,94760,94790,4,95090,95140,16,95540,95560,8,NA,NA,NA,NA,NA,NA,NA,NA,NA,NA,NA,NA,NA,NA,NA,NA,NA,NA,NA,NA,NA,NA,NA,NA,NA,NA,NA
"2015-04-20",95410,95910,148104,94260,95250,4026,93700,94120,4350,93690,93720,4,94490,94490,0,94770,94770,0,93970,94320,154,94700,94730,24,94280,94490,88,94800,95020,12,NA,NA,NA,NA,NA,NA,NA,NA,NA,NA,NA,NA,NA,NA,NA,NA,NA,NA,NA,NA,NA,NA,NA,NA,NA,NA,NA
"2015-04-21",95880,95910,140930,94800,94710,1670,94140,94270,4148,93810,93810,4,94290,93950,28,94200,94910,10,94860,94270,172,94060,94280,16,94320,94630,42,95160,95160,0,NA,NA,NA,NA,NA,NA,NA,NA,NA,NA,NA,NA,NA,NA,NA,NA,NA,NA,NA,NA,NA,NA,NA,NA,NA,NA,NA
"2015-04-22",96330,96260,123902,95250,95210,1912,94860,94630,1644,94170,94170,0,94500,94400,10,93530,94690,8,94960,94610,222,94620,94620,0,94900,94690,58,95380,96610,78,NA,NA,NA,NA,NA,NA,NA,NA,NA,NA,NA,NA,NA,NA,NA,NA,NA,NA,NA,NA,NA,NA,NA,NA,NA,NA,NA
"2015-04-23",95860,96140,101066,94990,95200,1450,94700,94930,2640,93890,93890,2,94440,94510,8,94950,95060,72,94570,94810,206,94600,94750,28,94530,94720,142,94680,94680,4,NA,NA,NA,NA,NA,NA,NA,NA,NA,NA,NA,NA,NA,NA,NA,NA,NA,NA,NA,NA,NA,NA,NA,NA,NA,NA,NA
"2015-04-24",97830,96660,118180,96800,95790,2740,96190,95590,6740,95240,94770,36,95790,95250,8,95600,94680,14,96100,95040,454,94980,94980,0,96000,95220,84,95460,95460,2,NA,NA,NA,NA,NA,NA,NA,NA,NA,NA,NA,NA,NA,NA,NA,NA,NA,NA,NA,NA,NA,NA,NA,NA,NA,NA,NA
"2015-04-27",101490,100090,241904,100570,99490,4124,100360,99310,21326,99500,98840,82,99900,99310,74,99360,97640,92,99790,98870,324,98810,98810,0,99970,98390,88,99540,99540,2,NA,NA,NA,NA,NA,NA,NA,NA,NA,NA,NA,NA,NA,NA,NA,NA,NA,NA,NA,NA,NA,NA,NA,NA,NA,NA,NA
"2015-04-28",102650,103110,285722,101380,101620,4506,101040,101300,16910,100470,101050,64,100030,101630,42,100780,101510,268,100820,101110,1588,101050,101050,0,100100,100260,44,101430,101430,0,NA,NA,NA,NA,NA,NA,NA,NA,NA,NA,NA,NA,NA,NA,NA,NA,NA,NA,NA,NA,NA,NA,NA,NA,NA,NA,NA
"2015-04-29",101020,102440,317634,1e+05,101330,3562,99810,101000,18452,101520,100200,46,100550,100820,24,99600,100170,210,99650,100580,528,100520,100520,0,99690,100550,60,100200,100570,10,NA,NA,NA,NA,NA,NA,NA,NA,NA,NA,NA,NA,NA,NA,NA,NA,NA,NA,NA,NA,NA,NA,NA,NA,NA,NA,NA
"2015-04-30",106010,104070,552750,104750,102710,3406,104490,102780,27204,103840,102280,100,103920,103270,32,103700,102940,128,104770,102830,852,100520,100520,0,103900,103430,56,102020,102020,4,NA,NA,NA,NA,NA,NA,NA,NA,NA,NA,NA,NA,NA,NA,NA,NA,NA,NA,NA,NA,NA,NA,NA,NA,NA,NA,NA
"2015-05-04",107580,107000,278844,106770,105890,2482,106200,105670,15322,105490,105720,30,107230,105880,8,105830,105210,32,106380,105680,482,105540,105540,0,105280,105450,26,105830,105390,8,NA,NA,NA,NA,NA,NA,NA,NA,NA,NA,NA,NA,NA,NA,NA,NA,NA,NA,NA,NA,NA,NA,NA,NA,NA,NA,NA
"2015-05-05",107960,107990,518266,106130,106410,4458,106020,106230,32176,106290,106500,24,105900,106790,58,105400,106280,68,106100,106210,746,107130,107130,2,106000,106000,32,106660,106660,2,NA,NA,NA,NA,NA,NA,NA,NA,NA,NA,NA,NA,NA,NA,NA,NA,NA,NA,NA,NA,NA,NA,NA,NA,NA,NA,NA
"2015-05-06",113380,112100,609024,109450,109300,11382,109600,109310,78406,110300,109410,92,111100,108160,70,109000,109140,136,110080,109030,1324,109560,110390,8,109590,109530,196,107310,109870,18,NA,NA,NA,NA,NA,NA,NA,NA,NA,NA,NA,NA,NA,NA,NA,NA,NA,NA,NA,NA,NA,NA,NA,NA,NA,NA,NA
"2015-05-07",112500,112960,969052,106040,107790,7378,106090,107350,83700,105500,105980,38,104860,107750,20,105120,106950,96,105710,107210,1342,105260,106680,122,105810,107160,122,107520,108710,80,NA,NA,NA,NA,NA,NA,NA,NA,NA,NA,NA,NA,NA,NA,NA,NA,NA,NA,NA,NA,NA,NA,NA,NA,NA,NA,NA
"2015-05-08",112300,111810,878416,109200,107590,7394,109200,107630,107406,107380,106310,20,107510,106750,8,108220,106530,28,107850,106770,760,106510,106640,88,107840,107210,112,108160,108570,32,NA,NA,NA,NA,NA,NA,NA,NA,NA,NA,NA,NA,NA,NA,NA,NA,NA,NA,NA,NA,NA,NA,NA,NA,NA,NA,NA
"2015-05-11",113880,112550,728054,111030,109660,5012,111020,109860,102212,108910,109190,54,108900,109140,18,110000,108670,46,109880,108720,642,106860,106860,0,109880,109050,78,111000,110080,14,NA,NA,NA,NA,NA,NA,NA,NA,NA,NA,NA,NA,NA,NA,NA,NA,NA,NA,NA,NA,NA,NA,NA,NA,NA,NA,NA
"2015-05-12",111600,113270,871696,107710,109320,3162,107600,108940,120400,108800,109570,78,107930,107930,2,106270,108370,36,106440,107700,1026,108120,108650,34,106540,107620,106,108130,108860,44,NA,NA,NA,NA,NA,NA,NA,NA,NA,NA,NA,NA,NA,NA,NA,NA,NA,NA,NA,NA,NA,NA,NA,NA,NA,NA,NA
"2015-05-13",111750,112190,752614,108580,108410,3004,108550,108520,122478,109790,108840,20,107210,107210,0,106700,107010,14,108100,107710,816,106520,107230,26,107610,107940,58,107200,107690,4,NA,NA,NA,NA,NA,NA,NA,NA,NA,NA,NA,NA,NA,NA,NA,NA,NA,NA,NA,NA,NA,NA,NA,NA,NA,NA,NA
"2015-05-14",109400,109780,760542,106410,106770,2340,106420,106830,96596,105550,106090,228,105330,105490,8,105880,105810,82,105870,106710,1364,105710,107000,46,106060,107040,124,106350,107030,6,NA,NA,NA,NA,NA,NA,NA,NA,NA,NA,NA,NA,NA,NA,NA,NA,NA,NA,NA,NA,NA,NA,NA,NA,NA,NA,NA
"2015-05-15",110210,109450,609290,106960,106720,1848,106810,106610,77404,106090,106090,0,105660,105660,2,106930,105940,30,106400,106300,514,106960,106000,26,107000,106060,24,106050,106050,0,NA,NA,NA,NA,NA,NA,NA,NA,NA,NA,NA,NA,NA,NA,NA,NA,NA,NA,NA,NA,NA,NA,NA,NA,NA,NA,NA
"2015-05-18",108610,109160,544094,105830,106090,1112,105760,106090,59744,106090,106090,0,106210,106270,6,105500,105650,20,105330,105630,836,105670,105890,8,105740,105890,16,105880,105880,0,105830,106430,6,NA,NA,NA,NA,NA,NA,NA,NA,NA,NA,NA,NA,NA,NA,NA,NA,NA,NA,NA,NA,NA,NA,NA,NA
"2015-05-19",106430,107730,467078,103910,104880,1272,103820,104730,74838,106090,106090,0,103950,104350,4,105650,105650,0,103370,104370,832,103890,105360,6,103810,104570,110,105880,105880,0,105110,105110,0,NA,NA,NA,NA,NA,NA,NA,NA,NA,NA,NA,NA,NA,NA,NA,NA,NA,NA,NA,NA,NA,NA,NA,NA
"2015-05-20",102340,103570,318956,99630,100600,1144,99490,100810,83294,100780,100780,0,99290,99290,2,100360,100360,10,99150,100470,1700,100090,100090,0,99340,99760,42,100580,100580,12,99860,99860,2,NA,NA,NA,NA,NA,NA,NA,NA,NA,NA,NA,NA,NA,NA,NA,NA,NA,NA,NA,NA,NA,NA,NA,NA
"2015-05-21",101070,101470,480198,99680,99690,1218,99700,99640,95444,99990,99700,90,99580,99220,32,101090,99740,24,99200,99080,4090,100090,100090,0,99690,99500,26,100320,100320,0,100620,99920,4,NA,NA,NA,NA,NA,NA,NA,NA,NA,NA,NA,NA,NA,NA,NA,NA,NA,NA,NA,NA,NA,NA,NA,NA
"2015-05-22",100070,101630,741862,98780,99730,2634,98480,99580,117658,98950,100090,20,97500,99660,6,97460,99870,28,97910,99140,5178,97730,98780,10,98050,98970,74,100670,100670,2,99120,99310,10,NA,NA,NA,NA,NA,NA,NA,NA,NA,NA,NA,NA,NA,NA,NA,NA,NA,NA,NA,NA,NA,NA,NA,NA
"2015-05-25",99480,99660,610232,98200,98140,746,97930,97710,87724,97400,97570,38,98850,98850,0,97280,98330,466,97380,97180,1968,98130,98130,0,97360,97310,60,99000,99000,0,97650,97650,0,NA,NA,NA,NA,NA,NA,NA,NA,NA,NA,NA,NA,NA,NA,NA,NA,NA,NA,NA,NA,NA,NA,NA,NA
"2015-05-26",100010,101060,550278,98560,99240,830,98060,98960,99040,99000,98920,30,99180,99320,4,98200,98540,56,97880,98510,2234,98060,98390,6,98510,98970,48,98880,98940,4,99960,99960,2,NA,NA,NA,NA,NA,NA,NA,NA,NA,NA,NA,NA,NA,NA,NA,NA,NA,NA,NA,NA,NA,NA,NA,NA
"2015-05-27",100670,100470,406048,98680,98380,1068,98110,97890,86754,97970,98170,22,99320,99320,0,98990,98240,10,97580,97540,2534,98390,98390,0,97510,97780,18,97750,97750,0,99960,99960,0,NA,NA,NA,NA,NA,NA,NA,NA,NA,NA,NA,NA,NA,NA,NA,NA,NA,NA,NA,NA,NA,NA,NA,NA
"2015-05-28",101130,101220,545222,99810,99640,996,99470,99140,211690,100160,99620,4,99320,99320,0,98790,98720,6,98950,98660,3376,99400,98980,16,98570,99100,28,97750,97750,0,98720,99570,4,NA,NA,NA,NA,NA,NA,NA,NA,NA,NA,NA,NA,NA,NA,NA,NA,NA,NA,NA,NA,NA,NA,NA,NA
"2015-05-29",99200,99860,462924,97680,98030,664,97600,97970,196314,97310,98110,32,97370,97370,6,97400,98100,30,97200,97450,3384,96540,96720,32,97470,97940,24,97750,97750,0,98850,99630,10,NA,NA,NA,NA,NA,NA,NA,NA,NA,NA,NA,NA,NA,NA,NA,NA,NA,NA,NA,NA,NA,NA,NA,NA
"2015-06-01",98040,98560,245968,97000,97200,384,96810,97110,171826,97100,96980,12,96250,96250,0,97190,97330,14,96550,96720,3994,95550,95550,2,97460,97200,18,98040,98110,22,99510,99510,0,NA,NA,NA,NA,NA,NA,NA,NA,NA,NA,NA,NA,NA,NA,NA,NA,NA,NA,NA,NA,NA,NA,NA,NA
"2015-06-02",100480,99740,274378,100100,99210,1084,100280,99080,428588,100100,99210,22,99970,98700,56,99900,98840,38,99690,98480,5888,99200,97960,30,100310,99200,22,99680,98660,26,99870,99800,18,NA,NA,NA,NA,NA,NA,NA,NA,NA,NA,NA,NA,NA,NA,NA,NA,NA,NA,NA,NA,NA,NA,NA,NA
"2015-06-03",99280,100320,107274,99300,100330,1452,99060,100230,409252,99520,99940,26,100190,100700,16,99730,100440,24,98820,99620,5204,98710,99560,38,99790,100500,72,100900,100900,2,101090,101290,10,NA,NA,NA,NA,NA,NA,NA,NA,NA,NA,NA,NA,NA,NA,NA,NA,NA,NA,NA,NA,NA,NA,NA,NA
"2015-06-04",98650,99120,71564,98640,98850,194,98530,99000,373158,99570,99410,46,100160,100160,0,98710,98710,2,98390,98570,5302,99320,99320,0,98510,98830,36,99900,99900,2,99100,99450,14,NA,NA,NA,NA,NA,NA,NA,NA,NA,NA,NA,NA,NA,NA,NA,NA,NA,NA,NA,NA,NA,NA,NA,NA
"2015-06-05",98550,98940,49526,98400,98570,514,98390,98820,349670,98580,98980,36,100160,100160,0,98540,98840,70,97930,98400,7344,99320,99320,0,98690,99400,68,100480,100480,0,99200,99150,4,NA,NA,NA,NA,NA,NA,NA,NA,NA,NA,NA,NA,NA,NA,NA,NA,NA,NA,NA,NA,NA,NA,NA,NA
"2015-06-08",100570,99370,63534,100400,99040,190,100570,99400,493720,100550,99450,18,99430,99280,6,100120,99620,36,100150,98940,6346,99790,99760,4,100320,99700,72,100790,100790,0,101000,100330,10,NA,NA,NA,NA,NA,NA,NA,NA,NA,NA,NA,NA,NA,NA,NA,NA,NA,NA,NA,NA,NA,NA,NA,NA
"2015-06-09",101020,101560,62398,100920,101340,444,100910,101450,602556,101750,101890,62,101500,101460,8,102000,101670,32,100890,101100,6190,101200,101030,26,101900,101640,10,100800,100800,0,102690,102870,20,NA,NA,NA,NA,NA,NA,NA,NA,NA,NA,NA,NA,NA,NA,NA,NA,NA,NA,NA,NA,NA,NA,NA,NA
"2015-06-10",101390,101380,25860,100870,101090,266,101330,101250,398440,101460,101670,92,101460,100900,8,101220,101210,4,101260,101130,5044,101560,101150,12,101300,101270,86,100800,100800,0,102160,101840,18,NA,NA,NA,NA,NA,NA,NA,NA,NA,NA,NA,NA,NA,NA,NA,NA,NA,NA,NA,NA,NA,NA,NA,NA
"2015-06-11",101450,101770,20214,101260,101500,196,101500,101690,323762,102000,101980,8,102040,102040,2,101790,101760,14,101480,101640,3812,101230,101290,22,101680,101730,34,101260,101260,0,103140,102880,16,NA,NA,NA,NA,NA,NA,NA,NA,NA,NA,NA,NA,NA,NA,NA,NA,NA,NA,NA,NA,NA,NA,NA,NA
"2015-06-12",98500,99900,28838,98000,99150,114,98070,99690,485268,99260,99460,74,98450,99320,8,99890,100390,12,98070,99380,7566,98050,99270,14,98110,98540,32,98090,98090,0,99400,100450,34,NA,NA,NA,NA,NA,NA,NA,NA,NA,NA,NA,NA,NA,NA,NA,NA,NA,NA,NA,NA,NA,NA,NA,NA
"2015-06-15",97550,98250,20514,97450,97930,100,97580,98180,314750,97740,98730,98,99050,99050,0,97950,98240,20,97520,98090,4268,99710,99460,22,97880,98200,14,98090,98090,0,98950,99320,30,NA,NA,NA,NA,NA,NA,NA,NA,NA,NA,NA,NA,NA,NA,NA,NA,NA,NA,NA,NA,NA,NA,NA,NA
"2015-06-16",95670,96900,24814,95650,96670,212,95700,96960,386062,95750,97160,8,97360,97360,2,96000,97640,28,95780,96860,7524,97570,97390,6,96190,97150,32,97000,97000,2,98220,98530,6,99320,99320,0,NA,NA,NA,NA,NA,NA,NA,NA,NA,NA,NA,NA,NA,NA,NA,NA,NA,NA,NA,NA,NA
"2015-06-17",95170,95490,27268,95100,95450,364,95280,95540,399972,95400,95480,14,95670,96560,8,95950,95750,16,95350,95530,4780,97390,97390,0,95840,95730,26,97000,97000,0,96510,97230,20,99320,99320,0,NA,NA,NA,NA,NA,NA,NA,NA,NA,NA,NA,NA,NA,NA,NA,NA,NA,NA,NA,NA,NA
"2015-06-18",96050,96100,21950,96140,96070,206,96300,96260,327414,96470,96370,28,96400,96400,2,96490,96490,2,96210,96320,4012,96880,96740,10,96710,96450,10,97730,97730,0,97870,97790,4,99320,99320,0,NA,NA,NA,NA,NA,NA,NA,NA,NA,NA,NA,NA,NA,NA,NA,NA,NA,NA,NA,NA,NA
"2015-06-19",94390,95020,20550,94360,95320,156,94610,95560,314640,95000,95310,24,96400,96400,0,95500,95500,2,95030,95490,4560,96740,96740,0,95280,95330,10,96590,96590,0,96710,97600,12,99320,99320,0,NA,NA,NA,NA,NA,NA,NA,NA,NA,NA,NA,NA,NA,NA,NA,NA,NA,NA,NA,NA,NA
"2015-06-23",94400,94300,7580,94430,94480,386,95050,94850,157974,95350,95170,6,96400,96400,0,94820,95150,18,95050,94850,3984,96090,96090,0,95330,95330,0,96180,95870,14,96840,97060,88,99320,99320,0,NA,NA,NA,NA,NA,NA,NA,NA,NA,NA,NA,NA,NA,NA,NA,NA,NA,NA,NA,NA,NA
"2015-06-24",95520,95180,12102,95880,95690,448,96390,95980,335618,96720,96070,10,96400,96400,0,96390,96310,4,96490,95990,4104,96090,96090,0,96420,96420,12,96290,96290,2,97740,97920,126,99320,99320,0,NA,NA,NA,NA,NA,NA,NA,NA,NA,NA,NA,NA,NA,NA,NA,NA,NA,NA,NA,NA,NA
"2015-06-25",94220,94720,8484,94520,95080,132,94850,95490,333244,95890,95890,2,96210,96210,0,95510,95790,16,95220,95520,6286,96000,96330,72,95660,96220,20,96250,96250,6,96710,96980,34,98370,98370,0,NA,NA,NA,NA,NA,NA,NA,NA,NA,NA,NA,NA,NA,NA,NA,NA,NA,NA,NA,NA,NA
"2015-06-26",93220,93540,10680,93580,93630,116,93850,94230,506474,93330,94440,68,94760,94760,0,94730,94730,12,94150,94510,10148,94090,95640,28,94450,95180,22,94780,94800,16,95600,95730,54,95190,95710,22,NA,NA,NA,NA,NA,NA,NA,NA,NA,NA,NA,NA,NA,NA,NA,NA,NA,NA,NA,NA,NA
"2015-06-29",89600,91160,9718,89640,90680,556,90360,91930,618386,91000,90950,90,91400,91370,54,91420,92010,36,90850,92210,18878,91650,92210,18,93440,93190,78,92400,93630,16,93100,94430,54,92000,93700,12,NA,NA,NA,NA,NA,NA,NA,NA,NA,NA,NA,NA,NA,NA,NA,NA,NA,NA,NA,NA,NA
"2015-06-30",86600,87090,5854,86140,86930,552,87330,88040,479454,86430,87980,456,86810,87770,62,87400,88450,66,87590,88510,24514,88120,88350,76,88780,88880,176,92400,92400,2,89700,90520,110,89310,90100,24,NA,NA,NA,NA,NA,NA,NA,NA,NA,NA,NA,NA,NA,NA,NA,NA,NA,NA,NA,NA,NA
"2015-07-01",87700,87040,2984,87960,87850,388,88360,88450,711488,88290,88530,250,89420,88130,20,88820,88540,24,88940,88890,24430,89570,90130,54,90500,90120,88,92670,92160,4,92010,91380,74,91080,91050,10,NA,NA,NA,NA,NA,NA,NA,NA,NA,NA,NA,NA,NA,NA,NA,NA,NA,NA,NA,NA,NA
"2015-07-02",88600,88310,480,89150,88590,88,89450,88830,651868,89700,89170,164,89670,89670,2,89280,89810,26,90110,89510,24442,90040,89430,14,91120,90910,48,92970,92970,0,92420,91660,44,91700,91730,10,NA,NA,NA,NA,NA,NA,NA,NA,NA,NA,NA,NA,NA,NA,NA,NA,NA,NA,NA,NA,NA
"2015-07-03",88250,88650,1164,88800,89090,322,89240,89750,530356,89470,90250,116,90270,90540,22,89140,89140,2,89890,90420,24618,90450,90830,18,90870,91090,38,92000,92450,4,91010,92410,16,93000,93000,2,NA,NA,NA,NA,NA,NA,NA,NA,NA,NA,NA,NA,NA,NA,NA,NA,NA,NA,NA,NA,NA
"2015-07-06",85700,86020,504,85600,86480,416,85530,87390,497774,86490,86770,316,86330,88200,10,86780,87170,40,86450,87960,27532,86800,87900,70,87900,87950,184,88300,88670,54,88540,89070,92,88620,89570,28,NA,NA,NA,NA,NA,NA,NA,NA,NA,NA,NA,NA,NA,NA,NA,NA,NA,NA,NA,NA,NA
"2015-07-07",83510,85280,552,84990,85610,120,84220,85930,563222,84990,86460,50,85960,86620,50,86540,86280,30,84930,86590,27900,86750,86730,28,86230,86930,96,88240,88690,4,87000,88210,38,88430,88200,4,NA,NA,NA,NA,NA,NA,NA,NA,NA,NA,NA,NA,NA,NA,NA,NA,NA,NA,NA,NA,NA
"2015-07-08",81010,81010,60,81320,81320,12,81630,81780,25018,82130,82270,18,82280,82280,4,81960,81990,6,82260,82300,3162,82410,82390,22,82580,82580,32,84260,84260,2,83790,84750,24,85330,84100,10,NA,NA,NA,NA,NA,NA,NA,NA,NA,NA,NA,NA,NA,NA,NA,NA,NA,NA,NA,NA,NA
"2015-07-09",83000,79790,1104,83810,80930,850,83600,81120,1040716,84730,81730,422,85450,80480,62,84950,78970,74,84180,81040,57450,85450,80640,92,85500,80040,524,85600,81920,66,86370,83650,154,87980,84150,18,NA,NA,NA,NA,NA,NA,NA,NA,NA,NA,NA,NA,NA,NA,NA,NA,NA,NA,NA,NA,NA
"2015-07-10",83770,83650,144,84400,84600,172,84570,84200,552370,85030,84950,132,84500,84440,12,82910,82910,0,85090,84620,17898,84670,84660,4,84040,84040,0,86010,85950,6,87000,86710,36,86960,86960,0,NA,NA,NA,NA,NA,NA,NA,NA,NA,NA,NA,NA,NA,NA,NA,NA,NA,NA,NA,NA,NA
"2015-07-13",81100,81600,756,81120,81380,184,82250,82590,771510,81500,82360,202,81600,82140,18,81900,82250,36,82740,83170,50144,82390,83460,10,83150,83470,112,85810,85810,2,83880,84720,90,84960,84960,0,NA,NA,NA,NA,NA,NA,NA,NA,NA,NA,NA,NA,NA,NA,NA,NA,NA,NA,NA,NA,NA
"2015-07-14",85400,85590,276,84000,84680,380,84500,84820,831348,85180,85450,234,85100,84800,68,85610,85990,48,85000,85300,37158,84860,85820,6,86020,86280,266,86080,86080,0,87040,87180,74,87230,87310,14,NA,NA,NA,NA,NA,NA,NA,NA,NA,NA,NA,NA,NA,NA,NA,NA,NA,NA,NA,NA,NA
"2015-07-15",87500,86330,240,86050,85340,420,86970,85840,859920,87400,86000,376,86780,86340,18,87670,87680,80,87370,86400,36334,86440,86300,4,88640,87780,34,87550,87550,0,88410,88110,24,90000,88050,4,NA,NA,NA,NA,NA,NA,NA,NA,NA,NA,NA,NA,NA,NA,NA,NA,NA,NA,NA,NA,NA
"2015-07-16",NA,NA,NA,84740,84620,54,85430,85220,949108,85670,85620,100,85660,86400,30,86610,86300,28,85880,85690,43650,85590,85590,0,86860,87100,102,87550,87550,0,87120,86750,20,88050,88050,0,89530,87580,4,NA,NA,NA,NA,NA,NA,NA,NA,NA,NA,NA,NA,NA,NA,NA,NA,NA,NA
"2015-07-17",NA,NA,NA,84920,84800,12,85600,85210,589592,85730,85560,42,86450,86350,110,86900,86900,2,86040,85730,36590,85630,85630,0,86460,86550,82,87250,87250,2,87680,88130,24,88050,88050,0,87580,87580,0,NA,NA,NA,NA,NA,NA,NA,NA,NA,NA,NA,NA,NA,NA,NA,NA,NA,NA
"2015-07-20",NA,NA,NA,84770,84950,448,85320,85100,574774,85780,85560,76,86350,86350,0,86260,86230,12,85820,85620,26212,86200,86200,0,86680,86680,10,87770,87770,2,87760,88350,24,88050,88050,0,87800,87800,0,NA,NA,NA,NA,NA,NA,NA,NA,NA,NA,NA,NA,NA,NA,NA,NA,NA,NA
"2015-07-21",NA,NA,NA,87100,86260,112,87870,86360,608876,87500,86920,250,87330,86990,90,88000,86550,58,88180,86810,34534,87400,87400,0,88020,87740,64,89870,89870,6,88480,88500,12,88200,88200,0,86920,88210,12,NA,NA,NA,NA,NA,NA,NA,NA,NA,NA,NA,NA,NA,NA,NA,NA,NA,NA
"2015-07-22",NA,NA,NA,85350,86090,470,85220,86630,737564,86100,86790,42,86780,87440,16,86960,87410,48,85580,86920,35830,87400,87400,0,86330,87450,126,88680,89380,54,86870,88310,10,88010,88010,0,91040,90030,4,NA,NA,NA,NA,NA,NA,NA,NA,NA,NA,NA,NA,NA,NA,NA,NA,NA,NA
"2015-07-23",NA,NA,NA,84230,84220,82,84410,84800,701378,84990,84900,148,84990,85350,20,85220,84870,46,84830,85110,36092,85580,85580,0,85950,86020,22,89380,89380,0,86950,86860,16,88010,88010,0,90030,90030,0,NA,NA,NA,NA,NA,NA,NA,NA,NA,NA,NA,NA,NA,NA,NA,NA,NA,NA
"2015-07-24",NA,NA,NA,83200,83660,210,83360,84040,696550,83790,83820,148,83970,83970,2,84870,84870,0,83760,84380,34228,86400,85140,20,84600,85290,60,84940,85730,18,85750,86250,22,86030,86030,2,88000,88000,0,NA,NA,NA,NA,NA,NA,NA,NA,NA,NA,NA,NA,NA,NA,NA,NA,NA,NA
"2015-07-27",NA,NA,NA,83240,83770,1538,82650,83790,631090,83130,83680,52,84300,84360,8,83910,84010,18,83300,84170,38870,84080,84080,0,85140,85270,4,85120,85160,6,85280,85500,28,86030,86030,0,87230,87230,0,NA,NA,NA,NA,NA,NA,NA,NA,NA,NA,NA,NA,NA,NA,NA,NA,NA,NA
"2015-07-28",NA,NA,NA,82450,82150,784,82740,82120,594918,82820,81930,102,83270,82400,14,83500,83040,4,83340,82690,44558,85100,83870,4,82980,82980,2,82870,82870,0,85500,85500,0,86030,86030,0,86940,86940,2,NA,NA,NA,NA,NA,NA,NA,NA,NA,NA,NA,NA,NA,NA,NA,NA,NA,NA
"2015-07-29",NA,NA,NA,84000,83670,220,84330,83920,519938,84250,84460,230,85040,84620,16,85270,85270,0,84880,84500,36946,85000,85000,2,85800,85160,104,85050,85050,0,86630,86140,10,87460,87460,4,86260,86260,2,NA,NA,NA,NA,NA,NA,NA,NA,NA,NA,NA,NA,NA,NA,NA,NA,NA,NA
"2015-07-30",NA,NA,NA,82300,83310,124,82620,83620,564582,83030,83910,152,83990,83990,2,85270,85270,0,83190,84120,40874,84060,84710,12,84790,84890,8,84780,84780,0,85510,85510,2,87460,87460,0,85620,85620,0,NA,NA,NA,NA,NA,NA,NA,NA,NA,NA,NA,NA,NA,NA,NA,NA,NA,NA
"2015-07-31",NA,NA,NA,81500,82210,504,81780,82450,480272,82330,82350,82,83930,83650,22,83000,83000,2,82350,82950,37844,83530,83530,0,83300,83490,12,84780,84780,0,85100,85100,6,86840,86840,2,85010,85010,0,NA,NA,NA,NA,NA,NA,NA,NA,NA,NA,NA,NA,NA,NA,NA,NA,NA,NA
"2015-08-03",NA,NA,NA,80010,80850,96,80340,81790,516712,80740,82170,210,81370,83060,270,81100,82000,14,80900,82070,77968,82640,82640,0,82000,82700,24,83720,84080,12,84610,84610,6,86840,86840,0,84520,84520,0,NA,NA,NA,NA,NA,NA,NA,NA,NA,NA,NA,NA,NA,NA,NA,NA,NA,NA
"2015-08-04",NA,NA,NA,80500,80270,276,81100,80500,441778,81140,80880,260,81330,81420,4,81110,81110,10,81720,81100,59052,81890,81890,2,82160,81780,10,83140,83140,0,81300,81140,8,82580,84080,8,81830,81830,0,NA,NA,NA,NA,NA,NA,NA,NA,NA,NA,NA,NA,NA,NA,NA,NA,NA,NA
"2015-08-05",NA,NA,NA,80820,80530,60,81190,81060,319588,81000,81320,204,81320,81480,10,81170,81170,0,81950,81770,59454,82570,81850,20,81930,82570,48,82410,82460,6,83790,83040,30,83730,84320,68,85710,83550,24,NA,NA,NA,NA,NA,NA,NA,NA,NA,NA,NA,NA,NA,NA,NA,NA,NA,NA
"2015-08-06",NA,NA,NA,80350,80540,48,80780,81020,329536,81000,81290,82,81450,81450,0,81140,81140,0,81540,81750,50796,82590,82590,2,82150,82590,24,83000,83000,2,82700,82900,84,84320,84320,0,85010,85010,12,NA,NA,NA,NA,NA,NA,NA,NA,NA,NA,NA,NA,NA,NA,NA,NA,NA,NA
"2015-08-07",NA,NA,NA,80300,80190,84,80700,80540,364892,80860,80560,176,81060,80980,14,80010,81040,28,81410,81250,59544,82090,82090,0,82250,82250,2,83000,83000,0,82080,82420,16,83810,83810,2,84490,84490,0,NA,NA,NA,NA,NA,NA,NA,NA,NA,NA,NA,NA,NA,NA,NA,NA,NA,NA
"2015-08-10",NA,NA,NA,81680,80910,180,82200,81040,337824,82400,81500,138,82630,82630,2,82700,81910,20,83030,81950,73152,82090,82090,0,83510,83510,2,84270,84270,0,83680,83680,0,85090,85090,0,85780,85780,0,NA,NA,NA,NA,NA,NA,NA,NA,NA,NA,NA,NA,NA,NA,NA,NA,NA,NA
"2015-08-11",NA,NA,NA,82500,82630,192,82370,83050,514684,82420,83190,590,82700,82920,128,83530,83560,152,83120,83850,143590,85500,85480,20,83780,84030,30,84790,84790,0,84750,85250,14,86500,86370,14,87070,87070,0,NA,NA,NA,NA,NA,NA,NA,NA,NA,NA,NA,NA,NA,NA,NA,NA,NA,NA
"2015-08-12",NA,NA,NA,81100,81100,12,82690,81750,506474,83020,81850,702,83130,82360,268,82230,81810,26,83400,82490,202804,84060,82540,26,83510,83320,32,84080,84080,0,84600,83750,32,84330,84330,4,85010,85010,0,NA,NA,NA,NA,NA,NA,NA,NA,NA,NA,NA,NA,NA,NA,NA,NA,NA,NA
"2015-08-13",NA,NA,NA,84000,84000,72,82690,82750,349908,82900,83140,558,82800,83040,98,82680,83180,14,83490,83530,168638,83850,83900,8,83880,84840,64,85480,85630,76,84660,84730,72,86050,84580,30,85480,86030,4,NA,NA,NA,NA,NA,NA,NA,NA,NA,NA,NA,NA,NA,NA,NA,NA,NA,NA
"2015-08-14",NA,NA,NA,82500,82500,0,81570,82040,262984,81800,82150,366,81850,82600,24,82470,82470,2,82300,82790,135632,83340,83650,4,83410,83580,86,83220,83220,2,84140,84140,0,84420,84530,8,85980,85980,0,NA,NA,NA,NA,NA,NA,NA,NA,NA,NA,NA,NA,NA,NA,NA,NA,NA,NA
"2015-08-17",NA,NA,NA,81400,81420,408,82100,82000,195836,82240,82270,96,82600,82600,0,82530,82700,8,82880,82730,132144,83100,83480,32,83450,83630,100,84090,84380,16,84140,84140,0,84530,84530,0,87180,87180,0,NA,NA,NA,NA,NA,NA,NA,NA,NA,NA,NA,NA,NA,NA,NA,NA,NA,NA
"2015-08-18",NA,NA,NA,NA,NA,NA,80400,81840,172078,81170,81940,198,80760,81540,22,82700,82700,0,81130,82470,180354,82000,82930,38,82300,83360,694,83990,84490,36,84190,84480,12,84870,84870,0,87530,87530,0,87180,87180,0,NA,NA,NA,NA,NA,NA,NA,NA,NA,NA,NA,NA,NA,NA,NA
"2015-08-19",NA,NA,NA,NA,NA,NA,81080,80490,163224,81200,80710,358,81560,80900,98,82050,82050,0,81860,81270,286466,81880,81880,2,82500,82110,36,84490,84490,0,83350,82660,18,83550,83800,24,86420,86420,0,87180,87180,0,NA,NA,NA,NA,NA,NA,NA,NA,NA,NA,NA,NA,NA,NA,NA
"2015-08-20",NA,NA,NA,NA,NA,NA,79900,80290,103876,80140,80280,436,80250,80320,90,81790,82630,6,80650,80960,379502,81860,81580,6,81390,81590,224,81750,82520,4,82040,81900,24,83570,83570,2,86180,86180,0,86940,86940,0,NA,NA,NA,NA,NA,NA,NA,NA,NA,NA,NA,NA,NA,NA,NA
"2015-08-21",NA,NA,NA,NA,NA,NA,79600,80100,60154,79610,80080,90,79770,80280,40,81790,81790,0,80370,80850,311620,81050,81580,44,81160,81480,82,82210,82360,6,81910,82590,8,83570,83570,0,86910,86910,0,85290,83530,8,NA,NA,NA,NA,NA,NA,NA,NA,NA,NA,NA,NA,NA,NA,NA
"2015-08-24",NA,NA,NA,NA,NA,NA,76090,77860,71246,76070,77370,460,76260,77280,72,77700,78820,10,76800,78490,370194,77870,78160,60,77400,78420,122,78490,78490,4,78460,79240,124,79800,79630,8,82810,82810,0,83530,83530,0,NA,NA,NA,NA,NA,NA,NA,NA,NA,NA,NA,NA,NA,NA,NA
"2015-08-25",NA,NA,NA,NA,NA,NA,72850,74380,103170,72900,74610,888,73590,74390,68,73520,74880,1000,73600,75190,648246,74880,74880,0,74510,75650,414,75050,75390,32,75900,76670,160,76000,76340,12,79390,79390,0,80080,80080,0,NA,NA,NA,NA,NA,NA,NA,NA,NA,NA,NA,NA,NA,NA,NA
"2015-08-26",NA,NA,NA,NA,NA,NA,73350,74240,69174,73570,74510,426,74000,74710,128,74600,75120,394,74360,75190,575928,74880,74880,0,75050,75820,200,76960,76340,56,76390,76850,42,77710,78340,14,81470,81470,0,78080,77370,8,NA,NA,NA,NA,NA,NA,NA,NA,NA,NA,NA,NA,NA,NA,NA
"2015-08-27",NA,NA,NA,NA,NA,NA,74640,74010,53290,74900,74380,398,75160,74670,144,75650,75330,334,76160,75150,472478,76500,75930,22,76200,75580,68,76840,76440,48,77990,77200,22,78340,78340,0,81840,81840,0,78270,78270,2,NA,NA,NA,NA,NA,NA,NA,NA,NA,NA,NA,NA,NA,NA,NA
"2015-08-28",NA,NA,NA,NA,NA,NA,76820,76370,55936,77320,76630,518,77670,76970,192,78100,77330,46,78610,77940,624826,78800,78900,4,79280,78610,322,77830,77830,6,80510,79560,116,79560,79680,6,83240,83240,0,79610,79610,0,NA,NA,NA,NA,NA,NA,NA,NA,NA,NA,NA,NA,NA,NA,NA
"2015-08-31",NA,NA,NA,NA,NA,NA,75190,76170,28736,75840,76300,684,75890,76980,114,75510,77040,100,76810,77850,674872,78900,78900,0,77650,78560,156,78570,79360,18,78530,79270,118,79680,79680,0,82940,82940,0,79320,79320,0,NA,NA,NA,NA,NA,NA,NA,NA,NA,NA,NA,NA,NA,NA,NA
"2015-09-01",NA,NA,NA,NA,NA,NA,74200,74870,3950,74390,75270,360,75200,75680,108,75600,76120,90,75810,76540,458718,77050,76960,8,77100,77260,96,77740,77740,2,77040,77760,58,78160,78160,0,81360,81360,0,77810,77810,0,NA,NA,NA,NA,NA,NA,NA,NA,NA,NA,NA,NA,NA,NA,NA
"2015-09-02",NA,NA,NA,NA,NA,NA,74900,74600,3000,75240,74980,930,75700,75330,220,76050,75770,308,76510,76150,475672,76390,76790,16,77310,76870,14,77350,77350,0,77270,77750,92,78160,78160,0,79540,79540,0,77810,77810,0,NA,NA,NA,NA,NA,NA,NA,NA,NA,NA,NA,NA,NA,NA,NA
"2015-09-07",NA,NA,NA,NA,NA,NA,75500,75270,3300,75640,75630,362,76200,76060,34,76580,76590,54,77000,76860,293244,77510,77510,0,77730,77640,4,79530,78440,14,78250,78190,14,78160,78160,0,79990,79990,0,78250,78250,0,NA,NA,NA,NA,NA,NA,NA,NA,NA,NA,NA,NA,NA,NA,NA
"2015-09-08",NA,NA,NA,NA,NA,NA,74450,74560,996,75130,74960,302,75360,75210,44,75900,75890,46,76190,76070,595808,76670,77210,128,76290,76610,28,77520,77800,6,76810,77800,36,77770,77770,0,79600,79600,0,77860,77860,0,NA,NA,NA,NA,NA,NA,NA,NA,NA,NA,NA,NA,NA,NA,NA
"2015-09-09",NA,NA,NA,NA,NA,NA,76500,76230,3156,76690,76690,758,77130,77220,290,77120,77330,766,77790,77990,1253336,79160,79160,0,79160,78780,56,79290,79200,46,79460,79340,162,79310,79310,0,81180,81180,0,79400,79400,0,NA,NA,NA,NA,NA,NA,NA,NA,NA,NA,NA,NA,NA,NA,NA
"2015-09-10",NA,NA,NA,NA,NA,NA,77000,76110,1044,77460,76630,198,77790,77110,132,78160,77250,784,78710,77790,1047802,78400,78400,2,79040,78660,24,78300,78830,12,79730,78990,90,79310,79310,0,80820,80820,0,79050,79050,0,NA,NA,NA,NA,NA,NA,NA,NA,NA,NA,NA,NA,NA,NA,NA
"2015-09-11",NA,NA,NA,NA,NA,NA,78000,77990,2112,78070,78180,1076,78600,78650,362,78810,79060,412,79410,79530,1420664,79740,79070,40,79880,80100,208,80280,80280,0,80900,81020,90,82200,81830,10,83390,83390,0,81560,81560,0,NA,NA,NA,NA,NA,NA,NA,NA,NA,NA,NA,NA,NA,NA,NA
"2015-09-14",NA,NA,NA,NA,NA,NA,76800,77970,3288,76970,77830,330,77260,78120,194,78230,78820,62,78260,79060,1062540,79000,79290,48,79120,80030,60,80780,80640,4,80150,80160,186,81510,81510,2,81570,80870,4,79100,79100,0,NA,NA,NA,NA,NA,NA,NA,NA,NA,NA,NA,NA,NA,NA,NA
"2015-09-15",NA,NA,NA,NA,NA,NA,75550,75950,2688,75720,76380,288,76450,76650,54,76850,77090,34,76960,77520,1094660,77350,77490,14,77930,78400,196,79000,79000,0,78400,79070,48,80400,80400,0,79770,79770,0,78020,78020,0,NA,NA,NA,NA,NA,NA,NA,NA,NA,NA,NA,NA,NA,NA,NA
"2015-09-16",NA,NA,NA,NA,NA,NA,NA,NA,NA,77710,76790,364,78160,77590,112,78210,77570,28,78950,78130,1478896,79140,78610,72,79700,78710,102,79720,79560,4,80340,79910,96,81260,81260,0,80620,80620,0,78850,78850,0,82510,80400,8,NA,NA,NA,NA,NA,NA,NA,NA,NA,NA,NA,NA
"2015-09-17",NA,NA,NA,NA,NA,NA,NA,NA,NA,77410,77520,772,78000,77960,362,78700,78670,26,78590,78760,1678798,79420,79330,58,79190,79460,320,79560,79560,0,79860,80300,216,80550,81130,126,80490,80490,0,78720,78720,0,81610,80880,6,NA,NA,NA,NA,NA,NA,NA,NA,NA,NA,NA,NA
"2015-09-18",NA,NA,NA,NA,NA,NA,NA,NA,NA,76740,76890,618,77200,77200,138,77470,77480,4,77890,78170,1444806,78620,78480,6,78500,78950,252,79560,79560,0,79510,79720,78,80160,80160,2,80710,80140,8,80920,80200,4,82510,82510,2,NA,NA,NA,NA,NA,NA,NA,NA,NA,NA,NA,NA
"2015-09-21",NA,NA,NA,NA,NA,NA,NA,NA,NA,76900,76080,474,77250,76210,372,76680,76690,48,78110,77110,1442658,77420,77420,0,78430,77810,526,77760,77990,4,79230,78320,322,80160,80160,0,78740,78740,0,78800,78800,0,81810,80760,4,NA,NA,NA,NA,NA,NA,NA,NA,NA,NA,NA,NA
"2015-09-22",NA,NA,NA,NA,NA,NA,NA,NA,NA,75880,76170,648,76300,76790,424,77190,77220,68,77090,77400,1253948,77470,77180,900,77550,78110,404,78300,78300,10,78390,78710,72,79160,79020,6,77620,77620,0,77680,77680,0,80790,80790,2,NA,NA,NA,NA,NA,NA,NA,NA,NA,NA,NA,NA
"2015-09-23",NA,NA,NA,NA,NA,NA,NA,NA,NA,75750,75540,548,75660,75650,150,75860,75890,116,76740,76440,1147082,77200,76800,56,77360,77030,114,77700,77700,20,77670,77690,272,78190,77940,28,77330,78270,8,78330,78330,0,79400,79700,8,NA,NA,NA,NA,NA,NA,NA,NA,NA,NA,NA,NA
"2015-09-24",NA,NA,NA,NA,NA,NA,NA,NA,NA,75790,75730,354,75820,75390,1200,76080,76470,306,76760,76680,779346,77210,76930,26,77080,77360,230,77580,77580,2,77510,77880,200,78690,80100,22,78760,78760,2,78820,78820,0,79500,79500,0,NA,NA,NA,NA,NA,NA,NA,NA,NA,NA,NA,NA
"2015-09-25",NA,NA,NA,NA,NA,NA,NA,NA,NA,76130,76270,488,76490,76530,632,76950,76680,12,77100,77350,979700,77880,77570,52,77910,77870,114,78090,78090,0,78220,78620,122,79320,78690,16,77370,77370,0,77430,77430,0,80180,80220,8,NA,NA,NA,NA,NA,NA,NA,NA,NA,NA,NA,NA
"2015-09-28",NA,NA,NA,NA,NA,NA,NA,NA,NA,76380,76520,384,76690,76760,348,76910,76910,0,77410,77520,384820,77920,77840,24,77960,78110,354,78090,78090,0,78090,78640,66,78690,78690,0,77390,77390,0,77450,77450,0,80220,80220,0,NA,NA,NA,NA,NA,NA,NA,NA,NA,NA,NA,NA
"2015-09-29",NA,NA,NA,NA,NA,NA,NA,NA,NA,74410,74960,242,74910,75660,636,75500,76060,8,75540,76260,646524,76610,76610,2,76350,76640,118,76440,76210,50,76420,77320,138,78200,78640,6,78770,78770,2,78830,78830,0,80220,80220,0,NA,NA,NA,NA,NA,NA,NA,NA,NA,NA,NA,NA
"2015-09-30",NA,NA,NA,NA,NA,NA,NA,NA,NA,75510,75400,286,76200,75700,178,76470,75900,34,77100,76420,479410,76800,76800,2,77450,76800,404,78240,77230,8,78190,77360,96,78520,78240,6,78360,78360,0,78420,78420,0,80220,80220,0,NA,NA,NA,NA,NA,NA,NA,NA,NA,NA,NA,NA
"2015-10-08",NA,NA,NA,NA,NA,NA,NA,NA,NA,76100,76230,36,76640,76970,232,77000,77190,134,77450,77660,244958,77900,77900,2,77800,77970,296,78280,78200,8,78450,78680,52,78450,78450,0,79700,79700,0,79760,79760,0,81590,81590,0,NA,NA,NA,NA,NA,NA,NA,NA,NA,NA,NA,NA
"2015-10-09",NA,NA,NA,NA,NA,NA,NA,NA,NA,78300,77450,228,78660,77670,290,78880,77520,144,79450,78530,663132,80400,79190,24,79710,79320,450,80050,79890,10,80350,79740,158,81000,81000,2,80230,80230,4,80480,80480,4,81500,80850,94,NA,NA,NA,NA,NA,NA,NA,NA,NA,NA,NA,NA
"2015-10-12",NA,NA,NA,NA,NA,NA,NA,NA,NA,79100,79010,276,79430,78940,110,79890,79360,178,80310,79770,786262,80610,80490,8,80660,80270,662,81120,81030,18,81210,80860,514,81950,81870,6,81090,81090,0,81340,81340,0,82150,81730,26,NA,NA,NA,NA,NA,NA,NA,NA,NA,NA,NA,NA
"2015-10-13",NA,NA,NA,NA,NA,NA,NA,NA,NA,79010,79010,0,78700,78390,156,79140,79110,138,79620,79370,632286,79620,79440,64,80020,79730,566,81030,81030,0,80500,80350,426,81870,81870,0,80570,80570,0,80820,80820,0,81470,81620,10,NA,NA,NA,NA,NA,NA,NA,NA,NA,NA,NA,NA
"2015-10-14",NA,NA,NA,NA,NA,NA,NA,NA,NA,78100,77930,72,78500,78830,140,79350,79210,116,79270,79410,676222,79670,79600,32,79710,79790,624,80350,80770,50,80230,80330,250,81230,81170,4,79880,79880,0,80120,80120,0,80730,80780,20,NA,NA,NA,NA,NA,NA,NA,NA,NA,NA,NA,NA
"2015-10-15",NA,NA,NA,NA,NA,NA,NA,NA,NA,78600,78600,12,79840,79480,298,79740,79270,116,80340,80040,875794,80900,80050,30,80750,80450,434,81040,80820,12,80970,80980,208,81170,81170,0,80530,80530,0,82630,82630,2,81640,81640,4,NA,NA,NA,NA,NA,NA,NA,NA,NA,NA,NA,NA
"2015-10-16",NA,NA,NA,NA,NA,NA,NA,NA,NA,NA,NA,NA,79500,79590,340,80050,79950,74,80390,80370,820446,80700,80470,20,80560,80720,416,80820,80820,0,81050,81220,152,81170,81170,0,82210,82090,6,82500,82500,2,82120,81610,120,79980,82090,12,NA,NA,NA,NA,NA,NA,NA,NA,NA
"2015-10-19",NA,NA,NA,NA,NA,NA,NA,NA,NA,NA,NA,NA,78550,78990,116,78900,79260,518,79150,79920,675768,79500,79500,2,79610,80280,512,80170,80810,10,80380,80840,124,81010,80400,28,81310,81310,0,81220,81370,8,80970,81440,28,81920,81920,0,NA,NA,NA,NA,NA,NA,NA,NA,NA
"2015-10-20",NA,NA,NA,NA,NA,NA,NA,NA,NA,NA,NA,NA,77760,77720,116,78060,78130,704,78320,78480,673374,78590,78600,16,78700,79020,410,79000,79160,10,79600,79520,356,79730,79850,6,80750,80750,0,80810,80810,0,79730,79900,6,80670,80670,2,NA,NA,NA,NA,NA,NA,NA,NA,NA
"2015-10-21",NA,NA,NA,NA,NA,NA,NA,NA,NA,NA,NA,NA,77690,77560,26,77780,78090,280,78130,78320,563356,78790,78590,6,78500,78900,140,79300,79300,10,79260,79380,104,79850,79850,0,80610,80610,0,79200,80080,56,79900,79900,0,79940,79940,0,NA,NA,NA,NA,NA,NA,NA,NA,NA
"2015-10-22",NA,NA,NA,NA,NA,NA,NA,NA,NA,NA,NA,NA,78300,78100,116,78410,78080,616,78660,78510,546592,78590,78590,0,79300,78940,362,78560,79250,12,79770,79660,144,79850,79850,0,80890,80890,0,80990,80020,20,79900,79900,0,79880,79880,0,NA,NA,NA,NA,NA,NA,NA,NA,NA
"2015-10-23",NA,NA,NA,NA,NA,NA,NA,NA,NA,NA,NA,NA,78980,78170,120,79600,78750,1022,79980,79090,669468,79030,79440,52,80180,79550,78,80530,80160,12,81020,80820,416,80000,80000,4,81040,81040,0,80670,80670,20,79900,79900,0,80520,80520,0,NA,NA,NA,NA,NA,NA,NA,NA,NA
"2015-10-26",NA,NA,NA,NA,NA,NA,NA,NA,NA,NA,NA,NA,78030,78350,172,78180,79010,756,78590,79250,679910,79000,79460,60,79100,79570,246,79740,79740,0,79870,80220,432,80000,80000,0,80430,80430,0,81010,81070,12,79900,79900,0,80920,80920,0,NA,NA,NA,NA,NA,NA,NA,NA,NA
"2015-10-27",NA,NA,NA,NA,NA,NA,NA,NA,NA,NA,NA,NA,78610,78080,426,78750,78370,550,79150,78830,535496,79670,79180,26,79770,79130,122,79310,79310,30,80220,79740,174,80000,80000,0,79950,79950,0,80900,80930,8,80960,80890,6,81920,81920,0,NA,NA,NA,NA,NA,NA,NA,NA,NA
"2015-10-28",NA,NA,NA,NA,NA,NA,NA,NA,NA,NA,NA,NA,78470,78460,498,78690,78710,286,79160,79110,562956,79700,79350,22,80000,79680,58,79880,79880,2,80200,80150,90,80000,80000,0,80360,80360,0,80930,80930,0,81760,80900,28,81930,81930,0,NA,NA,NA,NA,NA,NA,NA,NA,NA
"2015-10-29",NA,NA,NA,NA,NA,NA,NA,NA,NA,NA,NA,NA,78450,78410,154,78760,78860,326,79130,79230,599260,79690,79690,2,79710,79740,92,80050,80050,6,80200,80280,108,80190,80300,4,80660,80660,0,80930,80930,0,80780,80780,2,81930,81930,0,NA,NA,NA,NA,NA,NA,NA,NA,NA
"2015-10-30",NA,NA,NA,NA,NA,NA,NA,NA,NA,NA,NA,NA,76750,77480,464,77040,78020,632,77150,78140,743688,77560,77620,8,77880,78290,140,80020,80020,8,79230,79040,1006,79200,79200,4,79550,79550,0,79820,79820,0,80010,80010,42,79940,80160,10,NA,NA,NA,NA,NA,NA,NA,NA,NA
"2015-11-02",NA,NA,NA,NA,NA,NA,NA,NA,NA,NA,NA,NA,77000,77000,0,76260,76650,412,76590,76960,598726,76450,76450,0,77080,77570,304,77870,77870,2,77550,78030,1234,79200,79200,0,78530,78530,0,78800,78800,0,80010,80010,0,79000,79550,24,NA,NA,NA,NA,NA,NA,NA,NA,NA
"2015-11-03",NA,NA,NA,NA,NA,NA,NA,NA,NA,NA,NA,NA,76000,76000,84,76300,76460,100,76330,76700,547810,77230,77150,50,76800,77180,56,77480,77480,0,77360,77800,1256,79400,78900,18,78230,78230,0,78560,78560,2,79760,79760,0,78910,78540,6,NA,NA,NA,NA,NA,NA,NA,NA,NA
"2015-11-04",NA,NA,NA,NA,NA,NA,NA,NA,NA,NA,NA,NA,76000,76000,0,76280,75850,154,76510,76210,710650,77150,77150,0,77000,76650,198,76950,76950,0,77490,77230,1602,77580,77700,8,77040,77040,0,77360,77360,0,78540,78540,0,77340,77340,0,NA,NA,NA,NA,NA,NA,NA,NA,NA
"2015-11-05",NA,NA,NA,NA,NA,NA,NA,NA,NA,NA,NA,NA,76000,76000,0,74740,75600,168,74820,75830,754986,75300,76490,8,75380,76490,508,76780,76780,0,75710,76720,2764,77560,77590,20,76930,76930,0,78560,78360,8,77480,77620,16,78110,78110,2,NA,NA,NA,NA,NA,NA,NA,NA,NA
"2015-11-06",NA,NA,NA,NA,NA,NA,NA,NA,NA,NA,NA,NA,74000,74000,84,74770,74540,184,74990,74950,702012,75300,75440,24,75550,75420,344,76780,76780,0,75900,75870,3262,77590,77590,0,76080,76080,0,78130,78110,32,77640,77510,26,77970,76890,20,NA,NA,NA,NA,NA,NA,NA,NA,NA
"2015-11-09",NA,NA,NA,NA,NA,NA,NA,NA,NA,NA,NA,NA,74000,74000,12,73750,74440,176,73990,74560,731148,75880,75400,6,74580,75170,158,76520,76520,0,74880,75380,4074,77080,77080,0,75580,75580,0,76820,76820,4,76660,76910,46,76300,76300,0,NA,NA,NA,NA,NA,NA,NA,NA,NA
"2015-11-10",NA,NA,NA,NA,NA,NA,NA,NA,NA,NA,NA,NA,72900,72700,24,73490,72940,268,73890,73320,741658,73990,74080,30,74200,73780,396,75110,75110,0,74730,74200,7874,75870,75870,0,74400,74400,0,74880,75260,6,75340,75390,32,75640,75860,4,NA,NA,NA,NA,NA,NA,NA,NA,NA
"2015-11-11",NA,NA,NA,NA,NA,NA,NA,NA,NA,NA,NA,NA,72700,72700,0,72420,73000,116,72930,73200,779414,73400,73550,8,73390,73640,130,73890,73890,2,73890,74050,10528,74860,74860,2,73400,73400,0,75390,75340,12,75470,75470,0,75940,75940,0,NA,NA,NA,NA,NA,NA,NA,NA,NA
"2015-11-12",NA,NA,NA,NA,NA,NA,NA,NA,NA,NA,NA,NA,72600,72100,48,72940,72740,144,73290,73110,669322,73770,73570,70,73770,73480,142,73730,73730,0,74200,74000,9530,74810,74810,0,73350,73350,0,75290,75290,0,76240,75750,40,76230,76230,0,NA,NA,NA,NA,NA,NA,NA,NA,NA
"2015-11-13",NA,NA,NA,NA,NA,NA,NA,NA,NA,NA,NA,NA,72500,72500,12,72600,72690,176,72930,73030,846614,73490,73380,80,73450,73520,548,73730,73730,0,74220,74200,37422,74440,74710,104,73250,73250,0,75180,75180,0,75730,75790,26,76270,76270,0,NA,NA,NA,NA,NA,NA,NA,NA,NA
"2015-11-16",NA,NA,NA,NA,NA,NA,NA,NA,NA,NA,NA,NA,72700,72650,180,72860,72970,24,73180,73120,558036,73610,74120,14,73740,73660,158,73870,73870,0,74130,74230,12626,74530,74550,8,73770,74510,4,76470,76470,0,75350,75550,16,76030,76030,0,NA,NA,NA,NA,NA,NA,NA,NA,NA
"2015-11-17",NA,NA,NA,NA,NA,NA,NA,NA,NA,NA,NA,NA,NA,NA,NA,70550,72240,212,71240,71880,851516,71760,72070,132,71650,72510,418,71530,72120,10,72300,72920,27048,74800,74610,6,74560,74560,0,74380,74380,22,73650,74060,48,73910,73990,66,76030,76030,0,NA,NA,NA,NA,NA,NA
"2015-11-18",NA,NA,NA,NA,NA,NA,NA,NA,NA,NA,NA,NA,NA,NA,NA,70880,70340,88,70950,70980,666046,70990,71170,194,71520,71590,244,71930,71660,118,71860,71920,17868,71860,72800,48,72750,72750,0,72570,72570,0,72440,73080,50,73010,73010,0,76030,76030,0,NA,NA,NA,NA,NA,NA
"2015-11-19",NA,NA,NA,NA,NA,NA,NA,NA,NA,NA,NA,NA,NA,NA,NA,69410,69370,282,69770,70080,701690,69700,70040,328,70110,70590,406,70940,70940,2,70600,70860,26208,70650,70650,2,70600,70600,0,71290,71620,10,71430,71120,262,72350,72350,2,75020,75020,0,NA,NA,NA,NA,NA,NA
"2015-11-20",NA,NA,NA,NA,NA,NA,NA,NA,NA,NA,NA,NA,NA,NA,NA,68480,68770,156,68740,69130,860638,68910,69270,208,69240,69640,356,69800,69720,6,69840,70030,37652,70650,70650,2,70600,70600,0,71620,71620,0,70920,71240,376,72730,72730,4,74340,74340,0,NA,NA,NA,NA,NA,NA
"2015-11-23",NA,NA,NA,NA,NA,NA,NA,NA,NA,NA,NA,NA,NA,NA,NA,65440,65960,188,64980,67380,837472,65110,67300,118,65460,66950,208,67030,67030,0,65820,67780,50146,68380,68380,0,68330,68330,0,68210,67950,12,66960,68210,212,68980,69620,18,65760,66880,16,NA,NA,NA,NA,NA,NA
"2015-11-24",NA,NA,NA,NA,NA,NA,NA,NA,NA,NA,NA,NA,NA,NA,NA,65050,63960,302,64970,64390,1145120,65870,64590,82,65280,64600,768,66160,65500,30,66160,65550,97180,66850,66790,8,66740,66740,0,65770,65770,8,67550,66340,326,66900,66710,14,64080,64080,0,NA,NA,NA,NA,NA,NA
"2015-11-25",NA,NA,NA,NA,NA,NA,NA,NA,NA,NA,NA,NA,NA,NA,NA,67760,67190,186,68250,66960,1195734,68430,67200,318,68470,67380,282,68930,67820,38,69480,68210,126464,69630,69630,4,70280,70280,2,69710,69290,14,70300,69280,468,70710,70700,10,67920,67920,0,NA,NA,NA,NA,NA,NA
"2015-11-26",NA,NA,NA,NA,NA,NA,NA,NA,NA,NA,NA,NA,NA,NA,NA,70170,70450,184,70800,69970,1870082,70510,70410,562,70780,70070,442,71570,71570,16,71790,71230,183834,72080,72300,14,72060,72060,2,72010,71360,18,72850,71920,714,73510,72630,40,71990,71990,0,NA,NA,NA,NA,NA,NA
"2015-11-27",NA,NA,NA,NA,NA,NA,NA,NA,NA,NA,NA,NA,NA,NA,NA,68950,70220,336,69370,70550,1643298,69090,70400,340,69740,70820,410,71570,71570,0,70380,71410,194280,70510,71110,54,70880,70880,0,71850,71850,2,71290,72760,110,72450,72110,34,71480,71480,0,NA,NA,NA,NA,NA,NA
"2015-11-30",NA,NA,NA,NA,NA,NA,NA,NA,NA,NA,NA,NA,NA,NA,NA,67500,67830,352,69100,68360,1294326,68940,68360,372,69180,68320,728,69780,69400,10,69910,69320,171766,69550,69550,4,69320,69320,0,70310,70310,2,70980,70800,206,70170,70170,0,71060,71480,18,NA,NA,NA,NA,NA,NA
"2015-12-01",NA,NA,NA,NA,NA,NA,NA,NA,NA,NA,NA,NA,NA,NA,NA,69000,69180,108,68970,69650,1226688,69190,69470,592,69760,69970,144,69930,69930,4,69910,70430,186720,70270,70270,2,70030,70030,0,71030,71030,0,71260,71510,66,70870,70870,0,73090,72330,14,NA,NA,NA,NA,NA,NA
"2015-12-02",NA,NA,NA,NA,NA,NA,NA,NA,NA,NA,NA,NA,NA,NA,NA,70050,70020,72,70150,69940,855172,70420,70210,376,70470,70140,174,71220,71150,56,71050,70870,173148,71530,70960,6,70720,70720,0,71730,71730,0,72110,71960,86,71320,71320,0,72950,72950,2,NA,NA,NA,NA,NA,NA
"2015-12-03",NA,NA,NA,NA,NA,NA,NA,NA,NA,NA,NA,NA,NA,NA,NA,68950,68950,24,68150,69920,1109584,68580,70000,416,68400,69820,168,71290,71010,16,69150,70690,226832,69670,69720,16,70460,70460,2,71460,71460,0,70700,71890,144,71250,71250,0,72700,71520,242,NA,NA,NA,NA,NA,NA
"2015-12-04",NA,NA,NA,NA,NA,NA,NA,NA,NA,NA,NA,NA,NA,NA,NA,68150,68150,12,68880,68830,1059082,69290,69050,174,69030,69120,178,69780,69780,2,69760,69760,212340,69740,70230,18,70970,70970,0,71980,71980,0,71080,71060,96,70430,70430,0,70690,70690,0,NA,NA,NA,NA,NA,NA
"2015-12-07",NA,NA,NA,NA,NA,NA,NA,NA,NA,NA,NA,NA,NA,NA,NA,69000,69000,0,70590,70050,775834,70770,70340,520,70680,70480,468,70210,70470,18,71650,71040,209676,70900,71400,22,72160,72160,0,73180,73180,0,72730,72160,182,71520,71520,0,73550,73620,52,NA,NA,NA,NA,NA,NA
"2015-12-08",NA,NA,NA,NA,NA,NA,NA,NA,NA,NA,NA,NA,NA,NA,NA,67660,67730,24,68170,68770,742586,68150,68920,558,68520,68920,326,68560,68950,32,69060,69810,279972,69390,69440,40,71170,70850,36,71850,71850,0,70050,70520,296,69900,69900,0,71590,71890,46,NA,NA,NA,NA,NA,NA
"2015-12-09",NA,NA,NA,NA,NA,NA,NA,NA,NA,NA,NA,NA,NA,NA,NA,67400,67400,12,68170,67780,800558,68010,67460,1152,68100,68360,178,68800,68800,2,69200,68770,286136,69550,69010,20,69310,69280,6,69260,69370,144,70390,69520,282,68910,68910,0,71060,70250,26,NA,NA,NA,NA,NA,NA
"2015-12-10",NA,NA,NA,NA,NA,NA,NA,NA,NA,NA,NA,NA,NA,NA,NA,67400,67400,0,67490,68180,789124,67860,68730,520,68080,68530,208,68600,68650,6,68440,69240,297480,69670,69390,36,69670,69670,0,70600,70460,6,69540,70320,156,69700,69700,0,70770,70810,18,NA,NA,NA,NA,NA,NA
"2015-12-11",NA,NA,NA,NA,NA,NA,NA,NA,NA,NA,NA,NA,NA,NA,NA,68500,67850,84,69030,67700,725398,69180,68320,518,69720,68420,600,68630,68020,122,70160,68810,346136,70350,68800,22,69080,69080,0,70460,70460,0,71010,70290,394,69670,69670,0,72000,71580,18,NA,NA,NA,NA,NA,NA
"2015-12-14",NA,NA,NA,NA,NA,NA,NA,NA,NA,NA,NA,NA,NA,NA,NA,67900,67900,24,68750,68510,686612,69220,68690,816,69370,69150,174,69500,69180,14,70060,69730,344352,70050,69660,134,69950,69950,0,70610,70250,8,71310,71000,168,70370,70370,0,71810,71810,2,NA,NA,NA,NA,NA,NA
"2015-12-15",NA,NA,NA,NA,NA,NA,NA,NA,NA,NA,NA,NA,NA,NA,NA,68100,68100,48,68440,68870,623862,68670,69300,488,69230,69670,324,69450,69450,2,69670,70160,399560,69940,70320,48,70610,70610,0,71000,70900,8,71050,71310,378,71400,71700,4,71940,72270,4,NA,NA,NA,NA,NA,NA
"2015-12-16",NA,NA,NA,NA,NA,NA,NA,NA,NA,NA,NA,NA,NA,NA,NA,NA,NA,NA,69000,68720,514802,69840,69160,210,69650,69310,174,69800,69300,4,70250,69880,377762,70320,70320,0,69730,70090,8,70900,70900,0,71290,71040,90,71430,71430,0,72000,72000,0,72270,72270,0,NA,NA,NA
"2015-12-17",NA,NA,NA,NA,NA,NA,NA,NA,NA,NA,NA,NA,NA,NA,NA,NA,NA,NA,68550,69090,504064,68940,69680,270,69420,69810,268,70770,70520,14,69820,70390,509990,70830,70830,0,71430,71430,4,72250,72250,0,71510,71680,110,72070,72070,0,72650,72650,0,72270,72270,0,NA,NA,NA
"2015-12-18",NA,NA,NA,NA,NA,NA,NA,NA,NA,NA,NA,NA,NA,NA,NA,NA,NA,NA,69170,68840,236584,69600,69300,218,69940,69650,162,69970,70220,4,70500,70170,523508,70010,70760,348,70790,70990,10,71040,71050,4,71680,71410,60,71800,71800,0,71830,71830,8,71450,71450,0,NA,NA,NA
"2015-12-21",NA,NA,NA,NA,NA,NA,NA,NA,NA,NA,NA,NA,NA,NA,NA,NA,NA,NA,69740,69310,163872,70000,69700,474,70210,69860,386,71060,70780,6,71130,70750,828576,71200,70690,50,70920,70920,0,71110,71110,2,72300,71990,214,72380,72380,0,72410,72410,0,73050,72790,16,NA,NA,NA
"2015-12-22",NA,NA,NA,NA,NA,NA,NA,NA,NA,NA,NA,NA,NA,NA,NA,NA,NA,NA,69480,69760,97632,69980,69990,114,70180,70350,150,70880,71120,48,70840,71160,853816,71370,71620,66,71850,71850,0,72040,72040,0,72300,72470,162,73680,73680,4,73710,73710,0,73590,73590,2,NA,NA,NA
"2015-12-23",NA,NA,NA,NA,NA,NA,NA,NA,NA,NA,NA,NA,NA,NA,NA,NA,NA,NA,68820,69060,64870,68960,69480,916,69600,69640,194,70000,69940,22,70220,70380,779186,70850,70970,182,70540,70540,6,70720,70720,0,71500,71670,234,72870,72870,0,72300,72300,6,73590,73590,0,NA,NA,NA
"2015-12-24",NA,NA,NA,NA,NA,NA,NA,NA,NA,NA,NA,NA,NA,NA,NA,NA,NA,NA,68100,68850,50834,68500,69000,240,69000,69390,68,69650,69790,4,69400,70190,816902,70170,70670,14,71280,71280,6,71460,71460,0,70800,71420,228,72620,72620,0,72050,72050,0,73340,73340,0,NA,NA,NA
"2015-12-25",NA,NA,NA,NA,NA,NA,NA,NA,NA,NA,NA,NA,NA,NA,NA,NA,NA,NA,67780,67980,36478,68250,68430,352,68630,68720,86,68830,69150,36,69130,69370,680852,69300,69590,34,70190,70190,0,70110,70170,26,70440,70540,388,71720,71720,0,71160,71160,0,72080,72080,2,NA,NA,NA
"2015-12-28",NA,NA,NA,NA,NA,NA,NA,NA,NA,NA,NA,NA,NA,NA,NA,NA,NA,NA,66660,67380,28296,67070,67740,298,67590,67980,86,67950,68190,6,68050,68760,623030,69230,69280,4,69870,69870,0,69850,69850,0,69320,69780,712,70950,70950,0,70400,70400,0,72080,72080,0,NA,NA,NA
"2015-12-29",NA,NA,NA,NA,NA,NA,NA,NA,NA,NA,NA,NA,NA,NA,NA,NA,NA,NA,67880,67260,30290,68080,67560,192,68570,67820,288,69250,68500,8,69310,68560,651506,69170,68840,48,69430,69430,0,69410,69410,0,70550,69720,386,70890,70890,0,70340,70340,0,72080,72080,0,NA,NA,NA
"2015-12-30",NA,NA,NA,NA,NA,NA,NA,NA,NA,NA,NA,NA,NA,NA,NA,NA,NA,NA,68710,68700,43672,68650,69030,328,69190,69350,272,70300,69910,4,70070,70020,1002108,70250,70420,34,71030,71030,0,71000,71000,0,71100,71230,334,72420,72420,0,71860,71860,0,72670,72660,4,NA,NA,NA
"2015-12-31",NA,NA,NA,NA,NA,NA,NA,NA,NA,NA,NA,NA,NA,NA,NA,NA,NA,NA,69100,69000,32896,69230,69300,188,69630,69620,136,69970,69820,4,70630,70360,838374,70940,70990,8,71600,71600,0,71060,71060,2,71610,71570,336,72300,72300,2,71860,71860,4,72760,72740,4,NA,NA,NA
"2016-01-04",NA,NA,NA,NA,NA,NA,NA,NA,NA,NA,NA,NA,NA,NA,NA,NA,NA,NA,67790,68440,5566,67690,68020,60,68220,68230,132,69010,69630,12,68930,69370,577174,68990,69500,124,70100,70100,0,69790,69810,6,70180,70560,658,71280,71280,0,71390,71390,2,72740,72740,0,NA,NA,NA
"2016-01-05",NA,NA,NA,NA,NA,NA,NA,NA,NA,NA,NA,NA,NA,NA,NA,NA,NA,NA,68300,67790,11424,68400,67950,50,68780,68340,80,68740,68780,26,69510,69070,765810,69780,69250,162,69850,69850,0,69810,69810,0,70730,70330,224,71040,71040,0,71390,71390,0,72740,72740,0,NA,NA,NA
"2016-01-06",NA,NA,NA,NA,NA,NA,NA,NA,NA,NA,NA,NA,NA,NA,NA,NA,NA,NA,67650,67580,5652,67690,67920,220,67990,68270,236,68730,68620,38,68820,68940,773858,70240,69770,36,68520,68520,2,68480,68480,0,70180,70080,370,70790,70790,0,71140,71140,0,72740,72740,0,NA,NA,NA
"2016-01-07",NA,NA,NA,NA,NA,NA,NA,NA,NA,NA,NA,NA,NA,NA,NA,NA,NA,NA,66470,67250,9144,66580,67380,216,66760,67830,144,67390,67390,0,67480,68550,911372,67930,68590,100,68530,68910,6,68860,68860,0,68540,69490,392,70200,70200,0,70540,70540,0,72740,72740,0,NA,NA,NA
"2016-01-08",NA,NA,NA,NA,NA,NA,NA,NA,NA,NA,NA,NA,NA,NA,NA,NA,NA,NA,66630,66820,6300,67060,66860,162,67430,66900,236,67980,67490,12,67920,67710,1222618,68370,67660,110,68880,68880,2,68830,68830,0,69240,68670,638,69370,69370,0,69710,69710,0,72740,72740,0,NA,NA,NA
"2016-01-11",NA,NA,NA,NA,NA,NA,NA,NA,NA,NA,NA,NA,NA,NA,NA,NA,NA,NA,65250,66540,5676,66670,66040,324,66350,66740,240,67490,67490,0,67000,67710,986604,67860,68150,36,69370,69370,0,69320,69320,0,68000,68920,400,69620,69620,0,69710,69710,0,73010,73010,0,NA,NA,NA
"2016-01-12",NA,NA,NA,NA,NA,NA,NA,NA,NA,NA,NA,NA,NA,NA,NA,NA,NA,NA,64510,65040,8472,64850,65510,2428,65500,65830,92,67490,67490,0,65950,66680,1033860,66650,66650,30,67000,67150,6,67100,67100,0,67100,67770,550,68460,68460,0,68550,68550,0,71800,71800,0,NA,NA,NA
"2016-01-13",NA,NA,NA,NA,NA,NA,NA,NA,NA,NA,NA,NA,NA,NA,NA,NA,NA,NA,64950,64900,1884,64850,65150,114,65550,65630,54,66160,66160,2,66220,66260,814236,65670,66510,118,67050,67050,2,67000,67000,0,67220,67450,440,68140,68140,0,68100,68100,2,71800,71800,0,NA,NA,NA
"2016-01-14",NA,NA,NA,NA,NA,NA,NA,NA,NA,NA,NA,NA,NA,NA,NA,NA,NA,NA,65760,65630,2760,66420,66060,102,66830,66420,526,67180,66050,270,67360,66910,924800,68310,66750,140,67290,67290,0,67240,67240,0,68540,68020,930,69550,68420,12,68380,68380,0,72100,72100,0,NA,NA,NA
"2016-01-15",NA,NA,NA,NA,NA,NA,NA,NA,NA,NA,NA,NA,NA,NA,NA,NA,NA,NA,66900,67340,4512,66750,67270,300,67150,67760,300,67600,67540,90,68190,68320,1061426,68300,68540,196,69010,69010,2,69250,69590,16,69140,69300,2246,70060,70060,4,70010,70010,0,73820,73820,0,NA,NA,NA
"2016-01-18",NA,NA,NA,NA,NA,NA,NA,NA,NA,NA,NA,NA,NA,NA,NA,NA,NA,NA,NA,NA,NA,68100,67480,542,68550,68030,580,67620,67720,30,69320,68760,1076330,69620,68820,186,69240,68840,24,69070,69960,6,70450,69720,2004,70480,70480,0,70430,70430,0,74270,74270,0,72920,71450,12
"2016-01-19",NA,NA,NA,NA,NA,NA,NA,NA,NA,NA,NA,NA,NA,NA,NA,NA,NA,NA,NA,NA,NA,69100,68280,340,69330,68660,128,69780,69530,102,70130,69480,977974,70060,69730,390,70200,70200,2,71340,71340,0,71290,70400,1594,70000,70000,2,72130,71920,4,75840,75840,0,72420,72210,52
"2016-01-20",NA,NA,NA,NA,NA,NA,NA,NA,NA,NA,NA,NA,NA,NA,NA,NA,NA,NA,NA,NA,NA,68250,68760,114,68620,68560,446,68950,69070,14,69470,69590,925226,69750,69910,216,69590,69590,2,70720,70720,0,70330,70710,1948,70310,70310,0,70170,71200,20,75080,75080,0,71120,71450,6
"2016-01-21",NA,NA,NA,NA,NA,NA,NA,NA,NA,NA,NA,NA,NA,NA,NA,NA,NA,NA,NA,NA,NA,68270,68180,28,68550,68660,384,69170,69170,0,69250,69450,1032314,69620,69880,78,69560,69560,0,70290,70110,90,70270,70500,840,70100,70100,0,70990,70990,0,74860,74860,0,71600,71810,24
"2016-01-22",NA,NA,NA,NA,NA,NA,NA,NA,NA,NA,NA,NA,NA,NA,NA,NA,NA,NA,NA,NA,NA,69210,69010,74,69370,69430,628,69990,69550,26,70160,70030,1091160,70820,70110,38,69790,69790,0,70340,70340,0,71120,71240,1080,70840,70840,0,71740,71740,0,75650,75650,0,72330,73210,84
"2016-01-25",NA,NA,NA,NA,NA,NA,NA,NA,NA,NA,NA,NA,NA,NA,NA,NA,NA,NA,NA,NA,NA,68310,68750,102,68660,69200,44,69330,69600,6,69360,69990,754402,70080,70410,24,70700,70010,8,70150,70140,16,70310,71030,928,71170,71000,4,71900,71900,0,75650,75650,0,73210,73210,0
"2016-01-26",NA,NA,NA,NA,NA,NA,NA,NA,NA,NA,NA,NA,NA,NA,NA,NA,NA,NA,NA,NA,NA,68060,68110,138,68250,68370,114,69600,69600,0,69130,69150,744666,69460,69480,18,69760,69860,56,69990,69990,0,70160,70190,1298,70160,70160,0,71050,71050,0,75650,75650,0,71500,71550,58
"2016-01-27",NA,NA,NA,NA,NA,NA,NA,NA,NA,NA,NA,NA,NA,NA,NA,NA,NA,NA,NA,NA,NA,69360,69040,18,69770,69340,120,70070,69460,20,70520,69950,820568,70920,70050,64,71270,71120,20,71260,70820,16,71600,71020,1706,71620,71190,6,72090,72090,0,76760,76760,0,72800,72120,86
"2016-01-28",NA,NA,NA,NA,NA,NA,NA,NA,NA,NA,NA,NA,NA,NA,NA,NA,NA,NA,NA,NA,NA,68600,68560,24,69110,69050,102,69440,69610,4,69730,70070,683710,69920,70020,294,71080,71080,6,71300,71300,2,70780,71030,1154,71200,71200,0,72100,72100,0,76770,76770,0,72600,72680,8
"2016-01-29",NA,NA,NA,NA,NA,NA,NA,NA,NA,NA,NA,NA,NA,NA,NA,NA,NA,NA,NA,NA,NA,68600,68540,96,68800,68930,64,69350,69530,18,69590,69730,727910,69590,69980,34,70230,70070,18,70620,70610,4,70520,70810,1048,70980,70980,0,71940,71940,4,72160,72560,16,71980,71930,40
"2016-02-01",NA,NA,NA,NA,NA,NA,NA,NA,NA,NA,NA,NA,NA,NA,NA,NA,NA,NA,NA,NA,NA,68000,68350,48,68130,68940,160,69420,69420,4,68950,69470,779094,68880,68910,60,70370,70370,2,68980,69400,10,70010,70530,944,70700,70700,0,71660,71660,0,71740,71800,22,71270,71580,38
"2016-02-02",NA,NA,NA,NA,NA,NA,NA,NA,NA,NA,NA,NA,NA,NA,NA,NA,NA,NA,NA,NA,NA,68350,68350,0,68450,68270,60,68430,68560,20,69010,68910,580890,69240,69030,50,70490,70490,0,68700,68700,4,70040,69970,1166,70140,70140,0,71090,71090,0,71230,71230,0,71070,71170,16
"2016-02-03",NA,NA,NA,NA,NA,NA,NA,NA,NA,NA,NA,NA,NA,NA,NA,NA,NA,NA,NA,NA,NA,67790,67840,48,68270,67850,64,68720,68310,298,68880,68600,640464,68900,69050,8,70510,70510,0,69340,69340,2,69990,69620,796,69950,69950,2,70890,70890,0,71030,71030,0,71130,70880,46
"2016-02-04",NA,NA,NA,NA,NA,NA,NA,NA,NA,NA,NA,NA,NA,NA,NA,NA,NA,NA,NA,NA,NA,68300,68670,48,68620,68550,152,69010,69010,0,69340,69210,583156,69480,69350,20,70810,70810,0,70080,70080,2,70400,70420,1666,70750,70750,0,71700,71700,0,71840,71840,0,71950,71590,64
"2016-02-05",NA,NA,NA,NA,NA,NA,NA,NA,NA,NA,NA,NA,NA,NA,NA,NA,NA,NA,NA,NA,NA,67780,67820,48,68020,68030,48,68740,69060,22,68740,69130,494356,69800,69760,30,71230,71230,0,70500,70500,0,69700,69980,2596,70300,70300,0,71250,71250,0,71390,71390,0,70840,71020,52
"2016-02-15",NA,NA,NA,NA,NA,NA,NA,NA,NA,NA,NA,NA,NA,NA,NA,NA,NA,NA,NA,NA,NA,62400,62400,60,65770,65390,132,66230,65560,188,66320,65910,399620,66460,66220,116,67620,67620,0,66990,66820,6,67100,66680,5030,66980,66980,0,67890,67890,0,68020,68020,0,68380,68280,118
"2016-02-16",NA,NA,NA,NA,NA,NA,NA,NA,NA,NA,NA,NA,NA,NA,NA,NA,NA,NA,NA,NA,NA,NA,NA,NA,65940,65870,202,66360,66420,172,66660,66590,600702,66600,66860,150,68270,68270,0,67950,67330,14,67650,67460,4934,67760,67760,0,68680,68680,0,67770,67770,2,68690,68470,216
"2016-02-17",NA,NA,NA,NA,NA,NA,NA,NA,NA,NA,NA,NA,NA,NA,NA,NA,NA,NA,NA,NA,NA,NA,NA,NA,65780,65660,418,66200,66140,72,66400,66500,557778,66770,66760,52,67190,67190,2,66260,66260,0,67300,67370,4762,67670,67670,0,68590,68590,0,67680,67680,0,68550,68440,66
"2016-02-18",NA,NA,NA,NA,NA,NA,NA,NA,NA,NA,NA,NA,NA,NA,NA,NA,NA,NA,NA,NA,NA,NA,NA,NA,66030,66140,148,66560,66560,46,66680,66740,459810,67050,67120,72,67550,67550,0,67620,67290,8,67600,67650,3104,67950,67950,0,68880,68880,0,67960,67960,0,68600,68710,38
"2016-02-19",NA,NA,NA,NA,NA,NA,NA,NA,NA,NA,NA,NA,NA,NA,NA,NA,NA,NA,NA,NA,NA,NA,NA,NA,66430,66450,1088,66870,66650,142,67120,66950,570678,67360,67400,108,67840,67840,0,67570,67570,0,68090,67870,3464,68170,68170,0,69100,69100,0,68750,68750,2,69390,69140,18
"2016-02-22",NA,NA,NA,NA,NA,NA,NA,NA,NA,NA,NA,NA,NA,NA,NA,NA,NA,NA,NA,NA,NA,NA,NA,NA,68100,67650,262,67840,67290,32,68730,67970,740480,69140,68040,304,68480,68480,0,69460,69330,20,69720,69020,4528,69330,69330,0,70280,70280,0,69920,69920,0,70800,70300,90
"2016-02-23",NA,NA,NA,NA,NA,NA,NA,NA,NA,NA,NA,NA,NA,NA,NA,NA,NA,NA,NA,NA,NA,NA,NA,NA,68250,68180,78,68490,68590,68,68700,69020,590896,69000,69120,104,69570,69570,0,70430,70430,0,69660,70060,6934,70380,70380,0,71340,71340,0,70970,70970,0,70740,71510,190
"2016-02-24",NA,NA,NA,NA,NA,NA,NA,NA,NA,NA,NA,NA,NA,NA,NA,NA,NA,NA,NA,NA,NA,NA,NA,NA,67800,67740,208,67880,68220,46,68550,68530,520200,68890,68820,18,69510,69510,42,69790,69790,2,69570,69520,4238,69840,69840,0,70800,70800,0,70970,70970,0,70830,70750,96
"2016-02-25",NA,NA,NA,NA,NA,NA,NA,NA,NA,NA,NA,NA,NA,NA,NA,NA,NA,NA,NA,NA,NA,NA,NA,NA,66750,67780,208,67470,68090,64,67810,68350,657020,67800,68750,78,68500,68500,2,68770,68770,0,68820,69320,6210,69630,69630,0,70590,70590,0,70260,70670,6,70070,70530,270
"2016-02-26",NA,NA,NA,NA,NA,NA,NA,NA,NA,NA,NA,NA,NA,NA,NA,NA,NA,NA,NA,NA,NA,NA,NA,NA,66920,66790,278,67150,67340,24,67290,67280,668722,67650,67620,52,68730,68690,4,68960,68960,0,68300,68120,6952,68430,68430,0,69370,69370,0,69450,69450,0,69750,69570,240
"2016-02-29",NA,NA,NA,NA,NA,NA,NA,NA,NA,NA,NA,NA,NA,NA,NA,NA,NA,NA,NA,NA,NA,NA,NA,NA,67080,65950,710,66490,66830,28,67020,67410,802790,67700,67650,576,68160,68120,14,68500,68500,2,68060,68340,6006,68650,68650,0,69590,69590,0,69670,69670,0,69140,69670,132
"2016-03-01",NA,NA,NA,NA,NA,NA,NA,NA,NA,NA,NA,NA,NA,NA,NA,NA,NA,NA,NA,NA,NA,NA,NA,NA,67100,66670,264,67570,66970,74,67800,67220,703738,67970,67460,84,67930,67930,0,68310,68310,0,68660,68280,5190,68590,68590,0,69530,69530,0,69670,69670,0,70030,69220,102
"2016-03-02",NA,NA,NA,NA,NA,NA,NA,NA,NA,NA,NA,NA,NA,NA,NA,NA,NA,NA,NA,NA,NA,NA,NA,NA,68320,67880,120,68030,68090,22,68950,68410,783972,69180,68400,178,68870,68870,0,69450,69400,6,69900,69540,9966,69850,69850,0,69530,69530,0,70950,70950,0,71130,70610,182
"2016-03-03",NA,NA,NA,NA,NA,NA,NA,NA,NA,NA,NA,NA,NA,NA,NA,NA,NA,NA,NA,NA,NA,NA,NA,NA,68070,68360,156,68680,68730,40,69400,69120,688900,69310,69400,308,69880,69880,0,70420,70420,0,70300,70170,15856,70480,70480,0,70160,70160,0,71590,71590,0,71400,71270,186
"2016-03-04",NA,NA,NA,NA,NA,NA,NA,NA,NA,NA,NA,NA,NA,NA,NA,NA,NA,NA,NA,NA,NA,NA,NA,NA,70880,69950,84,70810,70800,28,71350,70730,1203738,71230,70940,346,70110,70490,6,71880,72180,30,72300,71570,71288,71240,71220,36,72660,72510,14,72330,72330,8,73400,72620,514
"2016-03-07",NA,NA,NA,NA,NA,NA,NA,NA,NA,NA,NA,NA,NA,NA,NA,NA,NA,NA,NA,NA,NA,NA,NA,NA,72500,71820,48,72140,72830,368,73310,73010,1495566,72590,73460,474,74050,73910,78,74130,73860,18,74200,73880,99760,73510,73510,0,74750,74270,36,75300,74390,4,75260,75020,596
"2016-03-08",NA,NA,NA,NA,NA,NA,NA,NA,NA,NA,NA,NA,NA,NA,NA,NA,NA,NA,NA,NA,NA,NA,NA,NA,72000,72120,48,71600,72910,88,71670,73070,1825344,72000,74190,292,71970,72390,38,72540,73670,28,72600,73780,104752,75760,75760,2,72730,73820,14,73940,73940,0,74000,75270,650
"2016-03-09",NA,NA,NA,NA,NA,NA,NA,NA,NA,NA,NA,NA,NA,NA,NA,NA,NA,NA,NA,NA,NA,NA,NA,NA,69180,69180,0,68950,69020,76,69280,69690,1182210,69730,70300,654,68590,68590,0,69570,70250,42,70270,70500,79656,71210,71210,0,70540,70540,0,70650,70650,0,71390,71660,572
"2016-03-10",NA,NA,NA,NA,NA,NA,NA,NA,NA,NA,NA,NA,NA,NA,NA,NA,NA,NA,NA,NA,NA,NA,NA,NA,68250,68160,36,68800,69070,44,68930,69670,1229092,69100,70100,170,68400,68400,0,70280,70280,2,70070,70680,62418,70540,70870,6,70200,70200,0,70310,70310,0,70840,71670,308
"2016-03-11",NA,NA,NA,NA,NA,NA,NA,NA,NA,NA,NA,NA,NA,NA,NA,NA,NA,NA,NA,NA,NA,NA,NA,NA,68160,68160,0,69000,69000,26,69450,69290,816682,69610,69530,28,69640,69810,4,69830,69690,8,70560,70430,46894,70920,70790,12,70120,70120,0,70230,70230,0,71640,71520,220
"2016-03-14",NA,NA,NA,NA,NA,NA,NA,NA,NA,NA,NA,NA,NA,NA,NA,NA,NA,NA,NA,NA,NA,NA,NA,NA,68160,68160,0,69380,69050,48,69310,69520,743622,69480,69690,52,69970,69970,0,70300,70370,22,70340,70590,37652,70950,70950,0,70270,70270,0,70380,70380,0,71450,71830,212
"2016-03-15",NA,NA,NA,NA,NA,NA,NA,NA,NA,NA,NA,NA,NA,NA,NA,NA,NA,NA,NA,NA,NA,NA,NA,NA,68000,68090,36,67980,67720,106,68330,68350,750548,68780,68390,300,68670,68670,0,69060,69060,0,69410,69460,49748,70490,70490,0,69150,69150,0,70560,70560,10,70570,70570,286
"2016-03-16",NA,NA,NA,NA,NA,NA,NA,NA,NA,NA,NA,NA,NA,NA,NA,NA,NA,NA,NA,NA,NA,NA,NA,NA,NA,NA,NA,67680,67600,62,68100,67990,624272,68530,68250,128,68530,68530,0,68830,68870,12,68940,68920,81024,69120,69160,10,67840,67840,0,70120,70090,18,70240,70110,372
"2016-03-17",NA,NA,NA,NA,NA,NA,NA,NA,NA,NA,NA,NA,NA,NA,NA,NA,NA,NA,NA,NA,NA,NA,NA,NA,NA,NA,NA,67930,67990,92,68540,68360,690320,68860,68740,116,68930,69170,6,69510,69510,0,69580,69330,60942,69580,69580,0,68250,68250,0,70820,70740,38,70820,70520,388
"2016-03-18",NA,NA,NA,NA,NA,NA,NA,NA,NA,NA,NA,NA,NA,NA,NA,NA,NA,NA,NA,NA,NA,NA,NA,NA,NA,NA,NA,69700,69550,102,69860,69680,1136578,70200,70090,254,70720,70720,2,71490,70300,8,71010,70590,125890,71520,70730,14,71650,71230,12,71710,71460,4,72330,71990,794
"2016-03-21",NA,NA,NA,NA,NA,NA,NA,NA,NA,NA,NA,NA,NA,NA,NA,NA,NA,NA,NA,NA,NA,NA,NA,NA,NA,NA,NA,67430,68410,30,68090,68730,840560,68450,69060,264,69100,69100,2,68680,68680,0,69210,69730,131954,70700,70700,2,71230,71230,0,71420,71420,0,70400,70820,966
"2016-03-22",NA,NA,NA,NA,NA,NA,NA,NA,NA,NA,NA,NA,NA,NA,NA,NA,NA,NA,NA,NA,NA,NA,NA,NA,NA,NA,NA,68080,67970,70,68450,68710,821964,68700,68900,216,69760,69550,4,69790,69790,2,69610,69860,133346,70830,70830,0,71360,71360,0,71170,71100,8,70790,71040,824
"2016-03-23",NA,NA,NA,NA,NA,NA,NA,NA,NA,NA,NA,NA,NA,NA,NA,NA,NA,NA,NA,NA,NA,NA,NA,NA,NA,NA,NA,69000,68430,16,68260,68690,674642,68420,69170,156,69820,69820,0,69690,69370,26,69550,69920,125180,70890,70890,0,71360,71360,0,71160,71160,0,70730,71200,1004
"2016-03-24",NA,NA,NA,NA,NA,NA,NA,NA,NA,NA,NA,NA,NA,NA,NA,NA,NA,NA,NA,NA,NA,NA,NA,NA,NA,NA,NA,68000,67850,10,68130,68130,686116,68130,68370,152,69010,69010,0,69390,69390,2,69150,69230,131788,69420,69630,44,70090,70090,0,69890,69890,0,70400,70420,760
"2016-03-25",NA,NA,NA,NA,NA,NA,NA,NA,NA,NA,NA,NA,NA,NA,NA,NA,NA,NA,NA,NA,NA,NA,NA,NA,NA,NA,NA,67850,67850,0,68470,68320,461376,68490,68570,422,69220,69220,0,69600,69600,0,69500,69370,98532,69770,69770,0,70230,70230,0,70030,70030,0,70750,70590,776
"2016-03-28",NA,NA,NA,NA,NA,NA,NA,NA,NA,NA,NA,NA,NA,NA,NA,NA,NA,NA,NA,NA,NA,NA,NA,NA,NA,NA,NA,67290,67550,16,68120,68560,436500,67630,68710,150,68660,68660,20,68970,68970,40,69050,69560,121838,69410,69520,52,69980,69980,0,71060,70450,4,70240,70780,458
"2016-03-29",NA,NA,NA,NA,NA,NA,NA,NA,NA,NA,NA,NA,NA,NA,NA,NA,NA,NA,NA,NA,NA,NA,NA,NA,NA,NA,NA,67700,67810,140,68290,68300,409056,68550,68530,52,68660,68660,6,69100,69050,20,69290,69320,116620,69280,69280,0,70400,69820,12,70290,70290,0,70480,70520,534
"2016-03-30",NA,NA,NA,NA,NA,NA,NA,NA,NA,NA,NA,NA,NA,NA,NA,NA,NA,NA,NA,NA,NA,NA,NA,NA,NA,NA,NA,66900,67550,136,66740,67190,643814,66940,67230,792,67360,67360,0,67740,67740,0,67640,68190,209666,68330,68490,4,69020,69020,0,69490,69490,0,68870,69350,1022
"2016-03-31",NA,NA,NA,NA,NA,NA,NA,NA,NA,NA,NA,NA,NA,NA,NA,NA,NA,NA,NA,NA,NA,NA,NA,NA,NA,NA,NA,66000,66100,64,66250,66700,551754,66450,66920,348,66610,66610,28,67130,67170,6,67260,67620,181812,67890,67600,8,68120,68120,0,69100,69120,8,68440,68850,748
"2016-04-01",NA,NA,NA,NA,NA,NA,NA,NA,NA,NA,NA,NA,NA,NA,NA,NA,NA,NA,NA,NA,NA,NA,NA,NA,NA,NA,NA,66100,66100,0,66340,66450,472770,66720,66710,360,66910,67090,16,67660,67660,0,67380,67450,191300,67430,67430,0,67950,67950,0,68940,68940,0,68580,68670,1450
"2016-04-05",NA,NA,NA,NA,NA,NA,NA,NA,NA,NA,NA,NA,NA,NA,NA,NA,NA,NA,NA,NA,NA,NA,NA,NA,NA,NA,NA,66100,66100,0,65690,65680,255854,66260,65950,158,66320,66320,0,66890,66890,0,66700,66750,123504,66730,66730,0,67240,67240,0,68220,68220,0,67850,67970,1258
"2016-04-06",NA,NA,NA,NA,NA,NA,NA,NA,NA,NA,NA,NA,NA,NA,NA,NA,NA,NA,NA,NA,NA,NA,NA,NA,NA,NA,NA,66100,66100,0,66710,66460,410908,67000,66920,502,66760,66750,10,67530,67380,474,67740,67480,198478,67460,67460,0,67420,67370,4,68220,68220,2,68900,68610,806
"2016-04-07",NA,NA,NA,NA,NA,NA,NA,NA,NA,NA,NA,NA,NA,NA,NA,NA,NA,NA,NA,NA,NA,NA,NA,NA,NA,NA,NA,66100,66100,0,67050,67010,340576,67160,67290,448,67110,67110,0,67860,67900,24,68000,68010,210910,68510,68280,14,68190,68190,2,69280,69240,8,69160,69160,722
"2016-04-08",NA,NA,NA,NA,NA,NA,NA,NA,NA,NA,NA,NA,NA,NA,NA,NA,NA,NA,NA,NA,NA,NA,NA,NA,NA,NA,NA,66000,66000,12,66520,66200,365724,66850,66420,812,66900,66710,4,67090,67170,56,67430,67190,265832,67400,67350,48,67260,67260,0,68120,67680,140,68540,68330,778
"2016-04-11",NA,NA,NA,NA,NA,NA,NA,NA,NA,NA,NA,NA,NA,NA,NA,NA,NA,NA,NA,NA,NA,NA,NA,NA,NA,NA,NA,67350,67350,12,67290,67250,316658,67540,67620,360,67830,67750,8,68290,68170,58,68230,68260,416704,68470,68590,42,68500,68500,0,69500,69200,6,69420,69380,1206
"2016-04-12",NA,NA,NA,NA,NA,NA,NA,NA,NA,NA,NA,NA,NA,NA,NA,NA,NA,NA,NA,NA,NA,NA,NA,NA,NA,NA,NA,67380,67380,12,67800,67430,171238,67480,67640,70,67530,67720,10,68230,68610,84,69000,68480,498870,69320,68640,76,68520,68260,12,69230,69530,44,70100,69600,812
"2016-04-13",NA,NA,NA,NA,NA,NA,NA,NA,NA,NA,NA,NA,NA,NA,NA,NA,NA,NA,NA,NA,NA,NA,NA,NA,NA,NA,NA,69480,69480,12,69050,68980,271354,69220,69410,1026,70280,70100,164,70600,69560,48,70260,70340,1311228,70560,70620,162,71440,70460,4,72000,70410,34,71690,71330,2442
"2016-04-14",NA,NA,NA,NA,NA,NA,NA,NA,NA,NA,NA,NA,NA,NA,NA,NA,NA,NA,NA,NA,NA,NA,NA,NA,NA,NA,NA,69480,69480,0,69300,69510,108428,69530,69790,426,69980,70090,34,70110,70390,64,70710,70880,762510,70620,70620,0,71570,71550,6,70410,70410,0,71910,71930,1838
"2016-04-15",NA,NA,NA,NA,NA,NA,NA,NA,NA,NA,NA,NA,NA,NA,NA,NA,NA,NA,NA,NA,NA,NA,NA,NA,NA,NA,NA,70000,70000,12,68890,69500,78358,69460,69930,450,69560,70040,324,70190,70820,8,70240,70890,745346,71210,71440,4,70370,71500,10,72200,72210,12,71290,71990,5198
"2016-04-18",NA,NA,NA,NA,NA,NA,NA,NA,NA,NA,NA,NA,NA,NA,NA,NA,NA,NA,NA,NA,NA,NA,NA,NA,NA,NA,NA,NA,NA,NA,69300,69080,62466,70300,69390,364,70670,69540,64,70800,70510,26,70840,70440,788530,71440,71440,0,71500,71500,0,72210,72210,0,71800,71680,3374
"2016-04-19",NA,NA,NA,NA,NA,NA,NA,NA,NA,NA,NA,NA,NA,NA,NA,NA,NA,NA,NA,NA,NA,NA,NA,NA,NA,NA,NA,NA,NA,NA,69560,69940,74238,70060,70590,268,69980,70740,54,70080,71590,90,71010,71380,1046740,70910,71150,66,71500,71500,0,72560,72570,12,71910,72470,11340
"2016-04-20",NA,NA,NA,NA,NA,NA,NA,NA,NA,NA,NA,NA,NA,NA,NA,NA,NA,NA,NA,NA,NA,NA,NA,NA,NA,NA,NA,NA,NA,NA,70420,70570,74430,70470,71130,772,71030,71470,24,70960,71850,124,71880,71990,1317728,72040,72290,78,71540,71960,8,73220,73220,4,72710,73000,14766
"2016-04-21",NA,NA,NA,NA,NA,NA,NA,NA,NA,NA,NA,NA,NA,NA,NA,NA,NA,NA,NA,NA,NA,NA,NA,NA,NA,NA,NA,NA,NA,NA,72270,71570,72928,72600,72350,902,73280,73060,320,73550,72740,304,73850,73050,1506998,74590,73370,68,73300,73300,2,74660,74390,12,74620,74180,28382
"2016-04-22",NA,NA,NA,NA,NA,NA,NA,NA,NA,NA,NA,NA,NA,NA,NA,NA,NA,NA,NA,NA,NA,NA,NA,NA,NA,NA,NA,NA,NA,NA,70270,70820,46212,70840,71370,596,71230,72440,86,71260,71700,300,71810,72240,1459122,71730,72720,44,71980,71910,6,72600,72380,22,72790,73840,22318
"2016-04-25",NA,NA,NA,NA,NA,NA,NA,NA,NA,NA,NA,NA,NA,NA,NA,NA,NA,NA,NA,NA,NA,NA,NA,NA,NA,NA,NA,NA,NA,NA,70540,70670,34754,70600,71090,986,71420,71130,194,71730,71810,398,72050,72160,1250414,72640,72280,22,72180,71960,8,72190,72530,4,72980,72990,9742
"2016-04-26",NA,NA,NA,NA,NA,NA,NA,NA,NA,NA,NA,NA,NA,NA,NA,NA,NA,NA,NA,NA,NA,NA,NA,NA,NA,NA,NA,NA,NA,NA,69880,70150,31034,70580,70720,246,70670,70680,18,70790,71610,110,71350,71640,822540,71920,72040,6,71960,71960,0,72220,72910,42,72250,72490,10136
"2016-04-27",NA,NA,NA,NA,NA,NA,NA,NA,NA,NA,NA,NA,NA,NA,NA,NA,NA,NA,NA,NA,NA,NA,NA,NA,NA,NA,NA,NA,NA,NA,70450,70380,20284,70860,70780,446,70840,71140,96,71390,71550,56,71910,71860,823176,72000,72060,116,72200,72080,8,72850,72850,2,72850,72820,10932
"2016-04-28",NA,NA,NA,NA,NA,NA,NA,NA,NA,NA,NA,NA,NA,NA,NA,NA,NA,NA,NA,NA,NA,NA,NA,NA,NA,NA,NA,NA,NA,NA,70690,70520,30962,71650,71090,846,71430,71540,48,71290,71870,8,72170,72010,1041496,72090,72370,8,73150,73150,2,72480,73230,132,73040,73010,18228
"2016-04-29",NA,NA,NA,NA,NA,NA,NA,NA,NA,NA,NA,NA,NA,NA,NA,NA,NA,NA,NA,NA,NA,NA,NA,NA,NA,NA,NA,NA,NA,NA,71030,70990,18198,72280,71560,150,72130,71640,172,72960,72380,90,73340,72500,954570,73290,73030,110,72860,73290,16,73290,73260,124,73960,73440,32124
"2016-05-03",NA,NA,NA,NA,NA,NA,NA,NA,NA,NA,NA,NA,NA,NA,NA,NA,NA,NA,NA,NA,NA,NA,NA,NA,NA,NA,NA,NA,NA,NA,74400,72830,12252,74810,73750,410,75420,73250,52,74040,73440,84,75940,74150,862968,75210,73770,62,76430,76450,28,75920,74250,24,76730,74690,12408
"2016-05-04",NA,NA,NA,NA,NA,NA,NA,NA,NA,NA,NA,NA,NA,NA,NA,NA,NA,NA,NA,NA,NA,NA,NA,NA,NA,NA,NA,NA,NA,NA,73150,73480,6720,73230,73820,100,74060,74540,52,74190,74280,376,74360,74850,1429034,74970,75420,120,75260,75830,16,75360,75230,56,75130,75590,21882
"2016-05-05",NA,NA,NA,NA,NA,NA,NA,NA,NA,NA,NA,NA,NA,NA,NA,NA,NA,NA,NA,NA,NA,NA,NA,NA,NA,NA,NA,NA,NA,NA,71800,72220,3636,71880,72820,124,72800,73000,194,73350,73660,34,73420,74020,970200,74300,74820,48,75830,75830,0,74920,75210,458,74320,74900,13300
"2016-05-06",NA,NA,NA,NA,NA,NA,NA,NA,NA,NA,NA,NA,NA,NA,NA,NA,NA,NA,NA,NA,NA,NA,NA,NA,NA,NA,NA,NA,NA,NA,68910,69480,8688,69660,69590,146,69900,71400,108,70720,70590,36,70700,71410,1412010,71000,71600,182,71380,71370,4,71200,72610,18,71740,72370,20154
"2016-05-09",NA,NA,NA,NA,NA,NA,NA,NA,NA,NA,NA,NA,NA,NA,NA,NA,NA,NA,NA,NA,NA,NA,NA,NA,NA,NA,NA,NA,NA,NA,67950,68280,3612,67800,68710,328,68740,70050,70,69140,70960,164,69030,70500,1291174,69760,70080,80,69860,69860,0,70300,70610,32,70030,71250,16146
"2016-05-10",NA,NA,NA,NA,NA,NA,NA,NA,NA,NA,NA,NA,NA,NA,NA,NA,NA,NA,NA,NA,NA,NA,NA,NA,NA,NA,NA,NA,NA,NA,67900,67730,5508,68210,67730,74,68180,67800,12,69120,68980,10,69210,68920,946058,69730,69060,54,69860,69860,0,70610,70610,0,70160,69930,9630
"2016-05-11",NA,NA,NA,NA,NA,NA,NA,NA,NA,NA,NA,NA,NA,NA,NA,NA,NA,NA,NA,NA,NA,NA,NA,NA,NA,NA,NA,NA,NA,NA,68140,67950,1044,68360,68220,46,68930,68980,42,69210,69160,70,69400,69360,773980,69750,69870,12,69860,69860,0,70390,70360,6,70300,70410,11108
"2016-05-12",NA,NA,NA,NA,NA,NA,NA,NA,NA,NA,NA,NA,NA,NA,NA,NA,NA,NA,NA,NA,NA,NA,NA,NA,NA,NA,NA,NA,NA,NA,68700,68540,1416,69180,68460,52,68980,68980,0,69750,69670,16,70130,69850,962488,70890,70820,78,70800,70350,24,70360,70360,0,71050,70800,13494
"2016-05-13",NA,NA,NA,NA,NA,NA,NA,NA,NA,NA,NA,NA,NA,NA,NA,NA,NA,NA,NA,NA,NA,NA,NA,NA,NA,NA,NA,NA,NA,NA,67000,66910,240,66830,67940,48,67770,68480,30,68140,69140,52,68250,68710,1122286,68670,69370,64,68930,68840,6,69140,69890,18,69170,69780,16694
"2016-05-16",NA,NA,NA,NA,NA,NA,NA,NA,NA,NA,NA,NA,NA,NA,NA,NA,NA,NA,NA,NA,NA,NA,NA,NA,NA,NA,NA,NA,NA,NA,67180,67300,5232,67580,67510,48,68000,68180,118,68330,68340,18,68850,68670,677276,69200,69210,6,68680,68680,0,69140,69140,2,69910,69630,8168
"2016-05-17",NA,NA,NA,NA,NA,NA,NA,NA,NA,NA,NA,NA,NA,NA,NA,NA,NA,NA,NA,NA,NA,NA,NA,NA,NA,NA,NA,NA,NA,NA,NA,NA,NA,67580,67510,48,68000,68180,118,68330,68340,18,68850,68670,677276,69200,69210,6,68680,68680,0,69140,69140,2,69910,69630,8168
