"DATETIME","SHFE.SN.2015.07.CLOSE","SHFE.SN.2015.07.SETTLE","SHFE.SN.2015.07.VOLUME","SHFE.SN.2015.08.CLOSE","SHFE.SN.2015.08.SETTLE","SHFE.SN.2015.08.VOLUME","SHFE.SN.2015.09.CLOSE","SHFE.SN.2015.09.SETTLE","SHFE.SN.2015.09.VOLUME","SHFE.SN.2015.10.CLOSE","SHFE.SN.2015.10.SETTLE","SHFE.SN.2015.10.VOLUME","SHFE.SN.2015.11.CLOSE","SHFE.SN.2015.11.SETTLE","SHFE.SN.2015.11.VOLUME","SHFE.SN.2015.12.CLOSE","SHFE.SN.2015.12.SETTLE","SHFE.SN.2015.12.VOLUME","SHFE.SN.2016.01.CLOSE","SHFE.SN.2016.01.SETTLE","SHFE.SN.2016.01.VOLUME","SHFE.SN.2016.02.CLOSE","SHFE.SN.2016.02.SETTLE","SHFE.SN.2016.02.VOLUME","SHFE.SN.2016.03.CLOSE","SHFE.SN.2016.03.SETTLE","SHFE.SN.2016.03.VOLUME","SHFE.SN.2016.04.CLOSE","SHFE.SN.2016.04.SETTLE","SHFE.SN.2016.04.VOLUME","SHFE.SN.2016.05.CLOSE","SHFE.SN.2016.05.SETTLE","SHFE.SN.2016.05.VOLUME","SHFE.SN.2016.06.CLOSE","SHFE.SN.2016.06.SETTLE","SHFE.SN.2016.06.VOLUME","SHFE.SN.2016.07.CLOSE","SHFE.SN.2016.07.SETTLE","SHFE.SN.2016.07.VOLUME","SHFE.SN.2016.08.CLOSE","SHFE.SN.2016.08.SETTLE","SHFE.SN.2016.08.VOLUME","SHFE.SN.2016.09.CLOSE","SHFE.SN.2016.09.SETTLE","SHFE.SN.2016.09.VOLUME","SHFE.SN.2016.10.CLOSE","SHFE.SN.2016.10.SETTLE","SHFE.SN.2016.10.VOLUME","SHFE.SN.2016.11.CLOSE","SHFE.SN.2016.11.SETTLE","SHFE.SN.2016.11.VOLUME","SHFE.SN.2016.12.CLOSE","SHFE.SN.2016.12.SETTLE","SHFE.SN.2016.12.VOLUME","SHFE.SN.2017.01.CLOSE","SHFE.SN.2017.01.SETTLE","SHFE.SN.2017.01.VOLUME"
"2015-03-27",119270,119230,1798,119260,119240,10,120190,120190,0,120190,119680,14,120190,120190,0,120190,120190,0,119100,120660,10,120660,120660,0,120660,120660,0,NA,NA,NA,NA,NA,NA,NA,NA,NA,NA,NA,NA,NA,NA,NA,NA,NA,NA,NA,NA,NA,NA,NA,NA,NA,NA,NA,NA,NA,NA
"2015-03-30",118080,117720,2468,117850,117230,38,117010,117010,2,117730,117730,2,118230,118230,0,118230,118230,0,118280,117740,6,117900,117900,2,117900,117900,0,NA,NA,NA,NA,NA,NA,NA,NA,NA,NA,NA,NA,NA,NA,NA,NA,NA,NA,NA,NA,NA,NA,NA,NA,NA,NA,NA,NA,NA,NA
"2015-03-31",118160,117790,4522,117300,117300,0,117080,117080,0,117800,117800,0,118300,118300,0,118300,118300,0,117810,117810,0,117970,117970,0,117970,117970,0,NA,NA,NA,NA,NA,NA,NA,NA,NA,NA,NA,NA,NA,NA,NA,NA,NA,NA,NA,NA,NA,NA,NA,NA,NA,NA,NA,NA,NA,NA
"2015-04-01",117910,118280,4374,118000,117840,12,117620,117620,0,118500,118500,2,119000,119000,0,119000,119000,0,118510,118510,0,118470,118470,2,118470,118470,0,NA,NA,NA,NA,NA,NA,NA,NA,NA,NA,NA,NA,NA,NA,NA,NA,NA,NA,NA,NA,NA,NA,NA,NA,NA,NA,NA,NA,NA,NA
"2015-04-02",118620,118540,2716,118100,118100,0,117880,117880,0,118480,118650,10,119150,119150,0,119150,119150,0,118790,118790,2,118740,118740,0,118740,118740,0,NA,NA,NA,NA,NA,NA,NA,NA,NA,NA,NA,NA,NA,NA,NA,NA,NA,NA,NA,NA,NA,NA,NA,NA,NA,NA,NA,NA,NA,NA
"2015-04-03",118850,118950,1390,118340,118340,0,117880,117880,0,118650,118650,0,119150,119150,0,116680,118980,4,118620,118620,0,118570,118570,0,118740,118740,0,NA,NA,NA,NA,NA,NA,NA,NA,NA,NA,NA,NA,NA,NA,NA,NA,NA,NA,NA,NA,NA,NA,NA,NA,NA,NA,NA,NA,NA,NA
"2015-04-07",118860,118630,848,118340,118340,0,117560,117560,0,118330,118330,0,119230,119230,0,118660,118660,0,118300,118300,0,118250,118250,0,118250,118250,0,NA,NA,NA,NA,NA,NA,NA,NA,NA,NA,NA,NA,NA,NA,NA,NA,NA,NA,NA,NA,NA,NA,NA,NA,NA,NA,NA,NA,NA,NA
"2015-04-08",117870,118200,848,118040,118040,0,117370,119220,8,120000,120000,0,120910,120910,0,120340,120340,0,118420,118570,4,118520,118520,0,118520,118520,0,NA,NA,NA,NA,NA,NA,NA,NA,NA,NA,NA,NA,NA,NA,NA,NA,NA,NA,NA,NA,NA,NA,NA,NA,NA,NA,NA,NA,NA,NA
"2015-04-09",116790,117190,816,117040,117040,0,118210,118210,0,117960,117960,4,118850,118850,0,118290,118290,0,116550,116550,0,116500,116500,0,116500,116500,0,NA,NA,NA,NA,NA,NA,NA,NA,NA,NA,NA,NA,NA,NA,NA,NA,NA,NA,NA,NA,NA,NA,NA,NA,NA,NA,NA,NA,NA,NA
"2015-04-10",115990,115860,2418,116280,116280,0,116480,116000,18,117360,117360,2,118240,118240,0,117680,117680,0,115950,115950,0,115900,115900,0,115900,115900,0,NA,NA,NA,NA,NA,NA,NA,NA,NA,NA,NA,NA,NA,NA,NA,NA,NA,NA,NA,NA,NA,NA,NA,NA,NA,NA,NA,NA,NA,NA
"2015-04-13",115940,115750,1628,116170,116170,0,115890,115890,0,117250,117250,0,118130,118130,0,117570,117570,0,115840,115840,0,115790,115790,0,115790,115790,0,NA,NA,NA,NA,NA,NA,NA,NA,NA,NA,NA,NA,NA,NA,NA,NA,NA,NA,NA,NA,NA,NA,NA,NA,NA,NA,NA,NA,NA,NA
"2015-04-14",112300,113680,5588,113460,114110,4,113830,113830,0,115240,115240,2,116100,116100,0,115550,115550,0,113850,113850,0,113800,113800,0,113800,113800,0,NA,NA,NA,NA,NA,NA,NA,NA,NA,NA,NA,NA,NA,NA,NA,NA,NA,NA,NA,NA,NA,NA,NA,NA,NA,NA,NA,NA,NA,NA
"2015-04-15",113850,113530,4132,114100,114100,0,113900,113900,0,115080,115080,0,115940,115940,0,115390,115390,0,113700,113700,0,113650,113650,0,113650,113650,0,NA,NA,NA,NA,NA,NA,NA,NA,NA,NA,NA,NA,NA,NA,NA,NA,NA,NA,NA,NA,NA,NA,NA,NA,NA,NA,NA,NA,NA,NA
"2015-04-16",112880,112780,3866,113190,113190,0,113750,112840,6,115090,115090,2,115950,115950,0,115400,115400,0,113700,113700,0,113650,113650,0,113650,113650,0,113650,113650,0,NA,NA,NA,NA,NA,NA,NA,NA,NA,NA,NA,NA,NA,NA,NA,NA,NA,NA,NA,NA,NA,NA,NA,NA,NA,NA,NA
"2015-04-17",110000,111110,11322,110230,111210,22,112140,112140,4,111550,112260,16,113100,113100,0,112560,112560,0,110900,110900,0,110860,110860,0,110860,110860,0,110860,110860,0,NA,NA,NA,NA,NA,NA,NA,NA,NA,NA,NA,NA,NA,NA,NA,NA,NA,NA,NA,NA,NA,NA,NA,NA,NA,NA,NA
"2015-04-20",111440,111850,10518,111870,111960,34,111700,112170,4,113460,112780,10,113620,113620,0,113080,113080,0,112800,112800,2,112750,112750,0,112750,112750,0,112750,112750,0,NA,NA,NA,NA,NA,NA,NA,NA,NA,NA,NA,NA,NA,NA,NA,NA,NA,NA,NA,NA,NA,NA,NA,NA,NA,NA,NA
"2015-04-21",111550,111470,3434,111850,111800,14,112010,112030,4,113300,112760,4,113590,113590,0,113050,113050,0,112770,112770,0,112730,112730,0,112730,112730,0,112730,112730,0,NA,NA,NA,NA,NA,NA,NA,NA,NA,NA,NA,NA,NA,NA,NA,NA,NA,NA,NA,NA,NA,NA,NA,NA,NA,NA,NA
"2015-04-22",112940,112870,5870,112900,113110,8,113830,113400,8,113470,113670,4,114500,114500,0,113960,113960,0,113680,113680,0,113850,113850,2,113850,113850,0,113850,113850,0,NA,NA,NA,NA,NA,NA,NA,NA,NA,NA,NA,NA,NA,NA,NA,NA,NA,NA,NA,NA,NA,NA,NA,NA,NA,NA,NA
"2015-04-23",113300,113430,3310,113760,113530,14,114000,114000,6,114000,113750,4,114580,114580,0,114040,114040,0,113760,113760,0,113930,113930,0,113930,113930,0,113930,113930,0,NA,NA,NA,NA,NA,NA,NA,NA,NA,NA,NA,NA,NA,NA,NA,NA,NA,NA,NA,NA,NA,NA,NA,NA,NA,NA,NA
"2015-04-24",113940,113430,2088,113580,113580,4,114180,114180,2,114990,114630,6,115460,115460,0,114920,114920,0,114640,114640,0,114810,114810,0,114810,114810,0,114810,114810,0,NA,NA,NA,NA,NA,NA,NA,NA,NA,NA,NA,NA,NA,NA,NA,NA,NA,NA,NA,NA,NA,NA,NA,NA,NA,NA,NA
"2015-04-27",117960,116530,16994,115940,116130,8,116300,116580,10,119090,117360,14,118210,118210,0,117660,117660,0,117370,117370,0,117550,117550,0,117550,117550,0,117550,117550,0,NA,NA,NA,NA,NA,NA,NA,NA,NA,NA,NA,NA,NA,NA,NA,NA,NA,NA,NA,NA,NA,NA,NA,NA,NA,NA,NA
"2015-04-28",117400,117740,31980,118070,118560,40,119070,119330,36,119990,119490,22,120350,120350,0,119790,119790,0,119500,119500,0,119680,119680,0,119680,119680,0,119680,119680,0,NA,NA,NA,NA,NA,NA,NA,NA,NA,NA,NA,NA,NA,NA,NA,NA,NA,NA,NA,NA,NA,NA,NA,NA,NA,NA,NA
"2015-04-29",115370,116820,10628,116830,116910,4,117660,117660,0,116010,118080,4,120350,120350,0,118380,118380,0,118090,118090,0,116810,116810,2,116810,116810,0,116810,116810,0,NA,NA,NA,NA,NA,NA,NA,NA,NA,NA,NA,NA,NA,NA,NA,NA,NA,NA,NA,NA,NA,NA,NA,NA,NA,NA,NA
"2015-04-30",117640,117360,17782,117890,118460,16,118060,118060,2,118080,118080,0,120750,120750,0,118780,118780,0,118490,118490,0,117200,117200,0,117200,117200,0,117200,117200,0,NA,NA,NA,NA,NA,NA,NA,NA,NA,NA,NA,NA,NA,NA,NA,NA,NA,NA,NA,NA,NA,NA,NA,NA,NA,NA,NA
"2015-05-04",118800,118830,8824,118950,118930,34,119700,119620,8,118470,118470,2,121140,121140,0,119170,119170,0,118880,118880,0,117580,117580,0,117580,117580,0,117580,117580,0,NA,NA,NA,NA,NA,NA,NA,NA,NA,NA,NA,NA,NA,NA,NA,NA,NA,NA,NA,NA,NA,NA,NA,NA,NA,NA,NA
"2015-05-05",118680,118920,12990,118480,119220,24,119250,119650,50,116740,116740,4,119370,119370,0,118590,119480,12,119190,119190,0,117880,117880,0,117880,117880,0,117880,117880,0,NA,NA,NA,NA,NA,NA,NA,NA,NA,NA,NA,NA,NA,NA,NA,NA,NA,NA,NA,NA,NA,NA,NA,NA,NA,NA,NA
"2015-05-06",123400,122030,32668,123290,122250,178,124110,122750,20,121400,121040,4,123760,123760,0,123880,123880,0,123580,123580,0,122220,122220,0,122220,122220,0,122220,122220,0,NA,NA,NA,NA,NA,NA,NA,NA,NA,NA,NA,NA,NA,NA,NA,NA,NA,NA,NA,NA,NA,NA,NA,NA,NA,NA,NA
"2015-05-07",122030,123860,51604,120740,122800,300,122400,123050,132,121340,121340,0,124070,124070,0,124190,124190,0,123890,123890,0,124810,124810,2,124810,124810,0,124810,124810,0,NA,NA,NA,NA,NA,NA,NA,NA,NA,NA,NA,NA,NA,NA,NA,NA,NA,NA,NA,NA,NA,NA,NA,NA,NA,NA,NA
"2015-05-08",121360,121310,22070,121700,120780,60,122000,121790,94,122310,122180,4,124930,124930,0,125050,125050,0,124750,124750,0,125670,125670,0,125670,125670,0,125670,125670,0,NA,NA,NA,NA,NA,NA,NA,NA,NA,NA,NA,NA,NA,NA,NA,NA,NA,NA,NA,NA,NA,NA,NA,NA,NA,NA,NA
"2015-05-11",122400,121670,13824,122180,121710,40,123400,122770,62,123160,123160,0,125940,125940,0,125300,125300,2,125450,122480,8,123380,123380,0,123380,123380,0,123380,123380,0,NA,NA,NA,NA,NA,NA,NA,NA,NA,NA,NA,NA,NA,NA,NA,NA,NA,NA,NA,NA,NA,NA,NA,NA,NA,NA,NA
"2015-05-12",119970,121020,17242,120000,120570,58,120990,121960,130,122340,122340,0,125100,125100,0,121810,121760,12,122280,122280,2,123170,123170,0,123170,123170,0,124360,124280,8,NA,NA,NA,NA,NA,NA,NA,NA,NA,NA,NA,NA,NA,NA,NA,NA,NA,NA,NA,NA,NA,NA,NA,NA,NA,NA,NA
"2015-05-13",120700,120580,10418,120230,120550,22,121360,121260,28,122340,122340,0,124380,124380,0,121060,121060,0,121580,121580,0,122460,122460,0,122460,122460,0,123570,123570,0,NA,NA,NA,NA,NA,NA,NA,NA,NA,NA,NA,NA,NA,NA,NA,NA,NA,NA,NA,NA,NA,NA,NA,NA,NA,NA,NA
"2015-05-14",119500,120460,31286,118700,120420,64,119470,120350,18,122170,122170,0,123440,123440,0,120150,120150,0,121850,122700,22,123590,123590,0,123590,123590,0,124710,124710,0,NA,NA,NA,NA,NA,NA,NA,NA,NA,NA,NA,NA,NA,NA,NA,NA,NA,NA,NA,NA,NA,NA,NA,NA,NA,NA,NA
"2015-05-15",119100,119170,11000,119620,119620,0,120180,120170,10,121980,121980,0,123250,123250,0,119970,119970,0,122510,122510,0,123400,123400,0,123400,123400,0,124520,124520,0,NA,NA,NA,NA,NA,NA,NA,NA,NA,NA,NA,NA,NA,NA,NA,NA,NA,NA,NA,NA,NA,NA,NA,NA,NA,NA,NA
"2015-05-18",119250,119380,11708,119540,119490,42,119840,120210,6,122020,122020,0,123290,123290,0,120000,120000,0,122550,122550,0,123440,123440,0,123440,123440,0,124560,124560,0,124560,124560,0,NA,NA,NA,NA,NA,NA,NA,NA,NA,NA,NA,NA,NA,NA,NA,NA,NA,NA,NA,NA,NA,NA,NA,NA
"2015-05-19",118140,118920,7572,117690,118460,36,120040,120040,2,121840,121840,0,123110,123110,0,119830,119830,0,122370,122370,0,123260,123260,0,123260,123260,0,124380,124380,0,124380,124380,0,NA,NA,NA,NA,NA,NA,NA,NA,NA,NA,NA,NA,NA,NA,NA,NA,NA,NA,NA,NA,NA,NA,NA,NA
"2015-05-20",115850,115840,27600,115220,115560,30,116920,117080,30,118170,117440,16,119500,119500,0,115500,115500,0,117950,117950,0,118800,118800,0,118800,118800,0,119880,119880,0,119880,119880,0,NA,NA,NA,NA,NA,NA,NA,NA,NA,NA,NA,NA,NA,NA,NA,NA,NA,NA,NA,NA,NA,NA,NA,NA
"2015-05-21",119190,118340,38176,118320,118060,138,119730,119050,70,119420,119420,0,121510,121510,0,117440,117440,0,121890,121290,22,122160,122160,0,122160,122160,0,123270,123270,0,123270,123270,0,NA,NA,NA,NA,NA,NA,NA,NA,NA,NA,NA,NA,NA,NA,NA,NA,NA,NA,NA,NA,NA,NA,NA,NA
"2015-05-22",117980,118650,23976,118020,118080,28,120250,119880,10,120250,120250,0,122360,122360,0,118260,118260,0,122090,122340,8,123220,123220,0,123220,123220,0,124330,124330,0,124330,124330,0,NA,NA,NA,NA,NA,NA,NA,NA,NA,NA,NA,NA,NA,NA,NA,NA,NA,NA,NA,NA,NA,NA,NA,NA
"2015-05-25",117590,118620,25734,117350,117970,50,119060,118830,18,119200,119200,0,122360,122360,0,122990,121550,4,123030,123280,28,121870,121870,2,123220,123220,0,124330,124330,2,124330,124330,0,NA,NA,NA,NA,NA,NA,NA,NA,NA,NA,NA,NA,NA,NA,NA,NA,NA,NA,NA,NA,NA,NA,NA,NA
"2015-05-26",118270,118860,18802,117810,118360,12,119290,119650,78,120030,120030,0,121290,121290,0,120780,123110,4,125970,125380,6,122810,122810,0,121870,121870,0,124810,124650,16,128700,127560,22,NA,NA,NA,NA,NA,NA,NA,NA,NA,NA,NA,NA,NA,NA,NA,NA,NA,NA,NA,NA,NA,NA,NA,NA
"2015-05-27",116560,116870,17864,117070,117040,158,117500,117570,128,117940,117940,0,122130,122130,0,120970,120970,0,124400,124400,0,122810,122810,0,122560,122560,0,124650,124650,0,127560,127560,0,NA,NA,NA,NA,NA,NA,NA,NA,NA,NA,NA,NA,NA,NA,NA,NA,NA,NA,NA,NA,NA,NA,NA,NA
"2015-05-28",116960,116760,15242,116760,117050,46,117330,117360,210,118010,117850,6,119900,119900,0,120970,120970,0,121500,121990,28,122810,122810,0,118100,118100,0,124650,124650,0,125110,126960,28,NA,NA,NA,NA,NA,NA,NA,NA,NA,NA,NA,NA,NA,NA,NA,NA,NA,NA,NA,NA,NA,NA,NA,NA
"2015-05-29",116160,116320,8976,116210,116540,76,116860,117040,144,117850,117850,0,119900,119900,0,120640,120640,0,120000,118680,46,119480,119480,0,118100,118100,0,124410,124400,6,121880,122610,34,NA,NA,NA,NA,NA,NA,NA,NA,NA,NA,NA,NA,NA,NA,NA,NA,NA,NA,NA,NA,NA,NA,NA,NA
"2015-06-01",116120,116010,4366,116300,116280,54,117100,116850,92,117660,117660,0,119570,119570,0,120450,120450,0,119430,118060,48,119480,119480,2,114890,114890,0,124400,124400,0,122610,122610,0,NA,NA,NA,NA,NA,NA,NA,NA,NA,NA,NA,NA,NA,NA,NA,NA,NA,NA,NA,NA,NA,NA,NA,NA
"2015-06-02",116520,116410,3880,117100,116840,36,117840,117830,314,118650,118650,0,119380,119380,0,120450,120450,0,120000,120290,26,121740,121740,0,114890,114890,0,126750,126750,0,123000,123000,4,NA,NA,NA,NA,NA,NA,NA,NA,NA,NA,NA,NA,NA,NA,NA,NA,NA,NA,NA,NA,NA,NA,NA,NA
"2015-06-03",115680,116380,3306,116510,116940,90,116980,117510,504,118330,118330,0,120380,120380,0,120450,120450,0,120000,120000,0,121740,121740,0,118000,118000,0,126400,126400,0,120500,120500,2,NA,NA,NA,NA,NA,NA,NA,NA,NA,NA,NA,NA,NA,NA,NA,NA,NA,NA,NA,NA,NA,NA,NA,NA
"2015-06-04",114800,115070,3252,115700,116130,180,116140,116830,322,117650,117650,0,114010,116750,16,116820,116820,0,119230,118090,14,119800,119800,0,116120,116120,0,124390,124390,0,120500,120500,0,NA,NA,NA,NA,NA,NA,NA,NA,NA,NA,NA,NA,NA,NA,NA,NA,NA,NA,NA,NA,NA,NA,NA,NA
"2015-06-05",114260,114570,1284,115200,115320,90,116200,115940,136,116910,116960,4,116060,116060,0,119710,119710,6,117600,117850,22,119550,119550,0,116120,116120,0,119410,120390,40,120500,120500,0,NA,NA,NA,NA,NA,NA,NA,NA,NA,NA,NA,NA,NA,NA,NA,NA,NA,NA,NA,NA,NA,NA,NA,NA
"2015-06-08",114700,114300,2082,115410,114940,46,116180,115570,150,116590,116590,0,115690,115690,0,119710,119710,0,117600,117250,8,119550,119550,0,115290,115290,0,118000,116700,6,120500,120500,0,NA,NA,NA,NA,NA,NA,NA,NA,NA,NA,NA,NA,NA,NA,NA,NA,NA,NA,NA,NA,NA,NA,NA,NA
"2015-06-09",115080,115110,2204,115700,115640,32,116130,116280,256,117220,117220,2,116310,116310,0,120350,120350,0,117000,117870,16,120180,120180,0,115900,115900,0,117660,117660,0,117160,117160,8,NA,NA,NA,NA,NA,NA,NA,NA,NA,NA,NA,NA,NA,NA,NA,NA,NA,NA,NA,NA,NA,NA,NA,NA
"2015-06-10",115440,115200,1234,115870,115970,40,116420,116370,196,117010,117050,10,116140,116140,0,120170,120170,0,117880,118160,8,120480,120480,0,116190,116190,0,117660,117660,0,120000,119500,4,NA,NA,NA,NA,NA,NA,NA,NA,NA,NA,NA,NA,NA,NA,NA,NA,NA,NA,NA,NA,NA,NA,NA,NA
"2015-06-11",115420,115460,1014,116220,116180,128,116500,116470,190,117050,117050,0,116140,116140,0,120170,120170,0,117990,117990,0,120480,120480,0,116290,116290,0,117660,117660,0,119500,119500,0,NA,NA,NA,NA,NA,NA,NA,NA,NA,NA,NA,NA,NA,NA,NA,NA,NA,NA,NA,NA,NA,NA,NA,NA
"2015-06-12",113700,114110,3152,114280,114610,50,114110,114820,562,117050,117050,0,116140,116140,0,118500,118500,0,116060,116390,12,118840,118840,0,116290,116290,0,117660,117660,0,118950,118950,0,NA,NA,NA,NA,NA,NA,NA,NA,NA,NA,NA,NA,NA,NA,NA,NA,NA,NA,NA,NA,NA,NA,NA,NA
"2015-06-15",113160,113370,1276,113430,113910,18,113350,113820,192,117050,117050,0,115130,115130,0,118380,118380,0,116490,116490,2,118940,118940,0,116380,116380,0,117660,117660,0,118950,118950,0,NA,NA,NA,NA,NA,NA,NA,NA,NA,NA,NA,NA,NA,NA,NA,NA,NA,NA,NA,NA,NA,NA,NA,NA
"2015-06-16",111780,112240,1166,112350,112580,52,112160,112600,864,114000,114460,6,115130,115130,0,117000,117000,0,115500,115340,4,117770,117770,0,116380,116380,0,117660,117660,0,115000,116330,6,116330,116330,0,NA,NA,NA,NA,NA,NA,NA,NA,NA,NA,NA,NA,NA,NA,NA,NA,NA,NA,NA,NA,NA
"2015-06-17",111730,111680,1016,112200,112000,110,111810,111930,340,113010,113170,14,113830,113830,0,116240,116240,0,115340,115340,0,116440,116440,0,116380,116380,0,117660,117660,0,116330,116330,0,116330,116330,0,NA,NA,NA,NA,NA,NA,NA,NA,NA,NA,NA,NA,NA,NA,NA,NA,NA,NA,NA,NA,NA
"2015-06-18",112510,112290,768,112310,112310,22,112620,112530,182,113530,113530,2,113830,113830,0,116000,116000,0,115210,115210,2,116300,116300,0,114930,114930,0,117660,117660,0,116330,116330,0,114890,114890,0,NA,NA,NA,NA,NA,NA,NA,NA,NA,NA,NA,NA,NA,NA,NA,NA,NA,NA,NA,NA,NA
"2015-06-19",113770,113520,1368,112950,112950,2,113930,113810,410,113700,113700,0,116000,116000,2,115800,115800,2,116750,116380,6,116300,116300,0,114930,114930,0,117660,117660,0,116330,116330,0,116060,116060,0,NA,NA,NA,NA,NA,NA,NA,NA,NA,NA,NA,NA,NA,NA,NA,NA,NA,NA,NA,NA,NA
"2015-06-23",114100,114060,644,114000,113910,42,115010,114570,298,113700,113700,0,116000,116000,0,115020,116910,16,116380,116380,0,116300,116300,0,116040,116040,0,117660,117660,0,116330,116330,0,117180,117180,0,NA,NA,NA,NA,NA,NA,NA,NA,NA,NA,NA,NA,NA,NA,NA,NA,NA,NA,NA,NA,NA
"2015-06-24",113180,113540,988,113420,113860,24,114790,114480,310,113610,113610,0,116000,116000,0,115250,116900,4,116380,116380,0,116290,116290,0,116030,116030,0,117660,117660,0,117000,117000,0,117170,117170,0,NA,NA,NA,NA,NA,NA,NA,NA,NA,NA,NA,NA,NA,NA,NA,NA,NA,NA,NA,NA,NA
"2015-06-25",111460,112070,1352,112210,112570,250,112840,113670,574,112800,112800,0,114920,114920,2,115480,115480,2,115480,115480,4,116290,116290,0,116030,116030,0,117660,117660,0,116990,118180,14,118350,118350,0,NA,NA,NA,NA,NA,NA,NA,NA,NA,NA,NA,NA,NA,NA,NA,NA,NA,NA,NA,NA,NA
"2015-06-26",110540,110740,1700,111160,111500,128,112160,112290,1160,113400,113080,26,114920,114920,0,115580,115580,2,115470,115630,16,116290,116290,0,116030,116030,0,117660,117660,0,117000,117000,0,118510,118510,0,NA,NA,NA,NA,NA,NA,NA,NA,NA,NA,NA,NA,NA,NA,NA,NA,NA,NA,NA,NA,NA
"2015-06-29",109720,110150,1252,110210,110840,94,111320,111870,1550,112310,112620,24,114690,114690,0,115580,115580,0,114290,114350,6,115000,115000,0,114740,114740,0,116350,116350,0,115700,115700,0,117190,117190,0,NA,NA,NA,NA,NA,NA,NA,NA,NA,NA,NA,NA,NA,NA,NA,NA,NA,NA,NA,NA,NA
"2015-06-30",106000,106760,1384,107000,107820,378,107530,108600,2832,109000,109550,148,110100,110220,20,111980,111830,8,110030,111040,24,111670,111670,0,111420,111420,0,113060,113060,2,115700,115700,0,113870,113870,0,NA,NA,NA,NA,NA,NA,NA,NA,NA,NA,NA,NA,NA,NA,NA,NA,NA,NA,NA,NA,NA
"2015-07-01",106700,106290,278,107700,107210,92,108260,107730,2858,108030,108690,78,109000,109600,30,110600,110500,18,110610,110020,8,110650,110650,0,111420,111420,0,112020,112020,0,114640,114640,0,113870,113870,0,NA,NA,NA,NA,NA,NA,NA,NA,NA,NA,NA,NA,NA,NA,NA,NA,NA,NA,NA,NA,NA
"2015-07-02",108570,108100,180,109310,108910,70,109700,109390,2598,110260,110260,2,110020,109870,14,110500,110500,0,111380,111360,26,112000,112000,0,111750,111750,0,113390,113390,0,114980,114980,2,113160,113160,0,NA,NA,NA,NA,NA,NA,NA,NA,NA,NA,NA,NA,NA,NA,NA,NA,NA,NA,NA,NA,NA
"2015-07-03",108600,108320,212,109680,110400,80,110000,110490,2348,110260,110260,0,110200,110200,0,110500,110500,0,110020,110020,4,112000,112000,0,110400,110400,0,112020,112020,0,114980,114980,0,111790,111790,0,NA,NA,NA,NA,NA,NA,NA,NA,NA,NA,NA,NA,NA,NA,NA,NA,NA,NA,NA,NA,NA
"2015-07-06",106950,107870,96,106720,107570,46,107090,107880,2102,110260,110260,0,110200,110200,0,110500,110500,0,110010,110160,28,112000,112000,0,110400,110400,0,113310,114070,30,113020,114270,36,111790,111790,0,NA,NA,NA,NA,NA,NA,NA,NA,NA,NA,NA,NA,NA,NA,NA,NA,NA,NA,NA,NA,NA
"2015-07-07",107790,106060,428,107500,107500,4,107080,108040,2356,108810,108810,2,108750,108750,0,110500,110500,0,110160,110160,0,110520,110520,0,110400,110400,0,110520,110270,22,113000,113000,0,111100,111100,0,NA,NA,NA,NA,NA,NA,NA,NA,NA,NA,NA,NA,NA,NA,NA,NA,NA,NA,NA,NA,NA
"2015-07-08",101820,103530,272,103200,103490,62,103710,104200,3870,105470,105560,12,104400,104400,4,106080,106890,4,105750,106030,24,106380,106380,0,110400,110400,0,105890,107500,16,110160,110160,0,107400,107400,0,NA,NA,NA,NA,NA,NA,NA,NA,NA,NA,NA,NA,NA,NA,NA,NA,NA,NA,NA,NA,NA
"2015-07-09",107670,105710,108,107620,106730,56,107800,106840,3426,106820,106320,10,108570,108570,0,111160,105940,16,112890,109850,40,110630,110630,2,106260,106260,0,107600,107990,10,110920,109310,30,107400,107400,0,NA,NA,NA,NA,NA,NA,NA,NA,NA,NA,NA,NA,NA,NA,NA,NA,NA,NA,NA,NA,NA
"2015-07-10",107620,107980,184,108480,108800,10,107840,108820,3844,107610,107610,2,107750,107750,2,105130,105130,0,109960,110900,6,111680,111680,0,107270,107270,0,109020,109020,0,113670,111360,4,108560,108560,0,NA,NA,NA,NA,NA,NA,NA,NA,NA,NA,NA,NA,NA,NA,NA,NA,NA,NA,NA,NA,NA
"2015-07-13",106020,105740,52,106810,106860,12,107530,107610,2170,108540,108540,4,108680,108680,0,106030,106030,0,110900,110900,0,111680,111680,0,107270,107270,0,109020,109020,0,111360,111360,0,108560,108560,0,NA,NA,NA,NA,NA,NA,NA,NA,NA,NA,NA,NA,NA,NA,NA,NA,NA,NA,NA,NA,NA
"2015-07-14",108100,108300,28,108200,108500,16,108800,109270,2830,110210,110210,0,110350,110350,0,107660,107660,0,110900,110900,0,113400,113400,0,109860,109860,0,109020,109020,0,113070,113070,0,111180,111180,0,NA,NA,NA,NA,NA,NA,NA,NA,NA,NA,NA,NA,NA,NA,NA,NA,NA,NA,NA,NA,NA
"2015-07-15",108500,108540,100,108260,108750,30,109690,109200,2168,110140,110140,0,110280,110280,0,107590,107590,0,110900,110900,0,113330,113330,0,109790,109790,0,109560,109560,0,113000,113000,0,111110,111110,0,NA,NA,NA,NA,NA,NA,NA,NA,NA,NA,NA,NA,NA,NA,NA,NA,NA,NA,NA,NA,NA
"2015-07-16",NA,NA,NA,108370,108500,20,109350,109030,1928,110050,109850,6,109990,109990,0,107300,107300,0,110900,110900,0,113030,113030,0,109500,109500,0,109560,109560,0,113000,113000,0,110820,110820,0,110820,110820,0,NA,NA,NA,NA,NA,NA,NA,NA,NA,NA,NA,NA,NA,NA,NA,NA,NA,NA
"2015-07-17",NA,NA,NA,109270,109270,0,110490,110060,2288,110940,110950,10,110000,110000,0,108370,108370,0,112000,112000,0,114160,114160,0,110590,110590,0,110810,110810,0,113000,113000,0,111920,111920,0,111920,111920,0,NA,NA,NA,NA,NA,NA,NA,NA,NA,NA,NA,NA,NA,NA,NA,NA,NA,NA
"2015-07-20",NA,NA,NA,110710,110940,102,111530,111720,6298,111900,112440,4,111400,111400,0,109830,109830,0,113990,114390,16,114160,114160,0,110590,110590,0,111650,111650,0,113000,113000,0,111920,111920,0,111920,111920,0,NA,NA,NA,NA,NA,NA,NA,NA,NA,NA,NA,NA,NA,NA,NA,NA,NA,NA
"2015-07-21",NA,NA,NA,110450,110780,64,111000,111230,3266,111950,111950,0,110910,110910,0,109350,109350,0,112560,112040,4,111810,111810,0,108630,108630,0,111650,111650,0,113000,113000,0,111960,111960,0,109620,109620,0,NA,NA,NA,NA,NA,NA,NA,NA,NA,NA,NA,NA,NA,NA,NA,NA,NA,NA
"2015-07-22",NA,NA,NA,109490,109970,28,108800,110310,2200,111590,111300,6,110910,110910,0,109350,109350,0,112670,113710,30,113480,113480,0,110250,110250,0,111650,111650,0,113000,113000,0,113630,113630,0,111250,111250,0,NA,NA,NA,NA,NA,NA,NA,NA,NA,NA,NA,NA,NA,NA,NA,NA,NA,NA
"2015-07-23",NA,NA,NA,108600,108390,26,108940,108560,1550,109300,109330,36,110910,110910,0,107420,107420,0,112040,111680,6,111450,111450,0,108280,108280,0,109650,109650,0,110980,110980,0,111600,111600,0,109260,109260,0,NA,NA,NA,NA,NA,NA,NA,NA,NA,NA,NA,NA,NA,NA,NA,NA,NA,NA
"2015-07-24",NA,NA,NA,108260,108650,10,108210,108830,1462,109600,109600,0,110910,110910,0,106870,111010,14,111680,111680,0,115180,115180,0,108280,108280,0,109650,109650,0,110980,110980,0,111600,111600,0,109260,109260,0,NA,NA,NA,NA,NA,NA,NA,NA,NA,NA,NA,NA,NA,NA,NA,NA,NA,NA
"2015-07-27",NA,NA,NA,109100,108860,18,108170,109280,3556,109370,109860,30,111170,111170,0,111010,111010,0,113990,112040,4,115550,115550,0,112260,112260,0,109650,109650,0,110980,110980,0,115700,115700,0,113280,113280,0,NA,NA,NA,NA,NA,NA,NA,NA,NA,NA,NA,NA,NA,NA,NA,NA,NA,NA
"2015-07-28",NA,NA,NA,109560,109560,6,109820,108890,1906,109140,109260,6,111170,111170,0,111010,111010,0,112040,112040,0,114910,114910,0,111640,111640,0,109050,109050,0,111600,111600,0,115060,115060,0,112660,112660,0,NA,NA,NA,NA,NA,NA,NA,NA,NA,NA,NA,NA,NA,NA,NA,NA,NA,NA
"2015-07-29",NA,NA,NA,111500,111040,60,111770,111540,3144,111600,111520,40,111170,111170,0,111010,111010,0,114210,113970,6,116890,116890,0,113560,113560,0,110930,110930,0,112100,112100,0,117040,117040,0,114600,114600,0,NA,NA,NA,NA,NA,NA,NA,NA,NA,NA,NA,NA,NA,NA,NA,NA,NA,NA
"2015-07-30",NA,NA,NA,109050,110710,66,110180,111150,2828,110680,111310,14,110960,110960,0,110800,110800,0,113970,112660,12,115540,115540,0,112250,112250,0,111500,111500,0,112100,112100,0,115690,115690,0,113280,113280,0,NA,NA,NA,NA,NA,NA,NA,NA,NA,NA,NA,NA,NA,NA,NA,NA,NA,NA
"2015-07-31",NA,NA,NA,109000,109960,6,109960,110440,1278,110600,110600,0,110960,110960,0,108280,108280,2,112660,112660,0,112910,112910,0,109690,109690,0,108960,108960,0,112100,112100,0,113050,113050,0,110700,110700,0,NA,NA,NA,NA,NA,NA,NA,NA,NA,NA,NA,NA,NA,NA,NA,NA,NA,NA
"2015-08-03",NA,NA,NA,110490,110240,8,108720,110600,1688,110300,110590,46,110950,110950,0,112610,112610,2,114410,114980,16,111000,112000,4,108800,108800,0,108080,108080,0,112100,112100,0,112130,112130,0,109800,109800,0,NA,NA,NA,NA,NA,NA,NA,NA,NA,NA,NA,NA,NA,NA,NA,NA,NA,NA
"2015-08-04",NA,NA,NA,107500,107500,4,108750,108400,1578,108790,108550,80,109660,109660,2,112290,112290,0,112290,111830,36,108930,108930,0,105820,105820,0,105120,105120,0,112100,112100,0,109060,109060,0,106790,106790,0,NA,NA,NA,NA,NA,NA,NA,NA,NA,NA,NA,NA,NA,NA,NA,NA,NA,NA
"2015-08-05",NA,NA,NA,106640,106280,12,107490,107900,1078,109760,109040,28,110160,110160,0,112290,112290,0,110790,111870,18,108970,108970,0,105860,105860,0,109320,109320,0,112100,112100,0,109100,109100,0,106830,106830,0,NA,NA,NA,NA,NA,NA,NA,NA,NA,NA,NA,NA,NA,NA,NA,NA,NA,NA
"2015-08-06",NA,NA,NA,106000,106000,4,107350,107140,1482,107910,107810,54,108500,108600,6,110690,110690,0,110040,109920,26,107070,107070,0,104010,104010,0,109320,109320,0,112100,112100,0,107200,107200,0,104970,104970,0,NA,NA,NA,NA,NA,NA,NA,NA,NA,NA,NA,NA,NA,NA,NA,NA,NA,NA
"2015-08-07",NA,NA,NA,107000,107180,36,107410,107340,810,107950,107890,20,108180,108570,8,110660,110660,0,108020,108490,48,105680,105680,0,102660,102660,0,109320,109320,0,112100,112100,0,105810,105810,0,103610,103610,0,NA,NA,NA,NA,NA,NA,NA,NA,NA,NA,NA,NA,NA,NA,NA,NA,NA,NA
"2015-08-10",NA,NA,NA,107100,106920,124,107810,107220,816,107820,107430,12,108570,108570,0,109800,109800,0,108970,107820,40,105030,105030,0,102020,102020,0,112800,110390,26,112100,112100,0,106840,106840,0,104620,104620,0,NA,NA,NA,NA,NA,NA,NA,NA,NA,NA,NA,NA,NA,NA,NA,NA,NA,NA
"2015-08-11",NA,NA,NA,107000,108050,44,108490,108920,1200,108990,108780,44,109020,109020,2,109800,109800,0,110000,110200,22,109230,109230,0,104270,104270,0,112830,112830,0,112100,112100,0,109200,109200,0,106930,106930,0,NA,NA,NA,NA,NA,NA,NA,NA,NA,NA,NA,NA,NA,NA,NA,NA,NA,NA
"2015-08-12",NA,NA,NA,106500,105680,24,108400,107680,1104,108300,107980,42,109020,109020,0,108990,108990,0,109360,109240,22,108280,108280,0,107810,107810,0,111850,111850,0,112100,112100,0,108250,108250,0,106000,106000,0,NA,NA,NA,NA,NA,NA,NA,NA,NA,NA,NA,NA,NA,NA,NA,NA,NA,NA
"2015-08-13",NA,NA,NA,106800,106800,0,107790,108380,1550,107940,108400,18,109020,109020,0,109420,109420,0,109990,109910,16,108940,108940,0,108470,108470,0,112530,112530,0,112100,112100,0,113970,113970,10,111600,111600,0,NA,NA,NA,NA,NA,NA,NA,NA,NA,NA,NA,NA,NA,NA,NA,NA,NA,NA
"2015-08-14",NA,NA,NA,105600,105600,4,107200,107770,610,108400,108400,0,109020,109020,0,108800,108800,0,109910,109920,34,108950,108950,0,108480,108480,0,112540,112540,0,112100,112100,0,113970,113970,0,111610,111610,0,NA,NA,NA,NA,NA,NA,NA,NA,NA,NA,NA,NA,NA,NA,NA,NA,NA,NA
"2015-08-17",NA,NA,NA,106210,106520,8,107390,107900,950,107850,108090,14,109020,109020,0,108490,108490,0,109530,109630,44,108660,108660,0,108190,108190,0,112240,112240,0,112100,112100,0,113970,113970,0,111310,111310,0,NA,NA,NA,NA,NA,NA,NA,NA,NA,NA,NA,NA,NA,NA,NA,NA,NA,NA
"2015-08-18",NA,NA,NA,NA,NA,NA,107160,107240,562,107700,107950,10,109020,109020,0,108350,108350,0,109160,109500,30,108530,108530,0,108060,108060,0,112110,112110,0,112100,112100,0,113970,113970,0,107730,110900,8,110900,110900,0,NA,NA,NA,NA,NA,NA,NA,NA,NA,NA,NA,NA,NA,NA,NA
"2015-08-19",NA,NA,NA,NA,NA,NA,107280,106980,760,107120,107120,2,108180,108180,0,107510,107510,0,108980,108170,114,107210,107210,0,108060,108060,0,110750,110750,0,112100,112100,0,113970,113970,0,109560,109560,0,110900,110900,0,NA,NA,NA,NA,NA,NA,NA,NA,NA,NA,NA,NA,NA,NA,NA
"2015-08-20",NA,NA,NA,NA,NA,NA,106940,107270,576,108020,107940,24,109010,109010,0,108330,108330,0,108680,108890,66,107920,107920,0,107460,107460,0,111480,111480,0,112100,112100,0,113700,113700,0,110280,110280,0,110280,110280,0,NA,NA,NA,NA,NA,NA,NA,NA,NA,NA,NA,NA,NA,NA,NA
"2015-08-21",NA,NA,NA,NA,NA,NA,105380,106230,712,105030,105630,58,107980,107980,0,107030,106710,12,107500,107810,82,106850,106850,0,106400,106400,0,111080,111080,0,111470,111470,0,112580,112580,0,112740,109990,4,109990,109990,0,NA,NA,NA,NA,NA,NA,NA,NA,NA,NA,NA,NA,NA,NA,NA
"2015-08-24",NA,NA,NA,NA,NA,NA,101980,103690,1358,102250,103350,76,105650,105650,0,105150,105150,0,103500,104950,138,104020,104020,0,103580,103580,0,109440,109440,12,109820,109820,0,110910,110910,0,109990,109990,0,108360,108360,0,NA,NA,NA,NA,NA,NA,NA,NA,NA,NA,NA,NA,NA,NA,NA
"2015-08-25",NA,NA,NA,NA,NA,NA,100760,100840,782,101000,101090,36,103340,103340,0,103820,103820,2,102030,102940,158,102030,102030,0,103580,103580,0,107350,107350,0,107720,107720,0,108790,108790,0,107890,107890,0,108360,108360,0,NA,NA,NA,NA,NA,NA,NA,NA,NA,NA,NA,NA,NA,NA,NA
"2015-08-26",NA,NA,NA,NA,NA,NA,100210,101170,566,101300,101510,30,102390,102390,0,104250,104250,0,102500,103160,138,102250,102250,0,101820,101820,0,107580,107580,0,107720,107720,0,109030,109030,0,108120,108120,0,106520,106520,0,NA,NA,NA,NA,NA,NA,NA,NA,NA,NA,NA,NA,NA,NA,NA
"2015-08-27",NA,NA,NA,NA,NA,NA,100110,99770,478,99510,100560,34,101790,101790,0,100090,100090,2,101550,101610,164,100720,100720,0,101820,101820,0,105970,105970,0,106100,106100,0,104660,104660,0,106500,106500,0,104920,104920,0,NA,NA,NA,NA,NA,NA,NA,NA,NA,NA,NA,NA,NA,NA,NA
"2015-08-28",NA,NA,NA,NA,NA,NA,101000,101420,1190,101400,101630,208,101790,101790,0,103080,103080,2,103020,102870,146,101960,101960,0,101820,101820,0,103000,103000,2,105600,105600,2,102070,102070,6,106180,106180,2,104600,104600,0,NA,NA,NA,NA,NA,NA,NA,NA,NA,NA,NA,NA,NA,NA,NA
"2015-08-31",NA,NA,NA,NA,NA,NA,99500,100470,690,101030,100820,208,101790,101790,0,103080,103080,0,101800,102140,134,101230,101230,0,101090,101090,0,102270,102270,0,105600,105600,0,102070,102070,0,105420,105420,0,103850,103850,0,NA,NA,NA,NA,NA,NA,NA,NA,NA,NA,NA,NA,NA,NA,NA
"2015-09-01",NA,NA,NA,NA,NA,NA,99820,100030,76,100010,100290,36,101790,101790,0,103080,103080,0,101840,101800,44,100900,100900,0,100760,100760,0,101930,101930,0,105600,105600,0,102070,102070,0,105070,105070,0,103510,103510,0,NA,NA,NA,NA,NA,NA,NA,NA,NA,NA,NA,NA,NA,NA,NA
"2015-09-02",NA,NA,NA,NA,NA,NA,99600,99280,156,99710,100280,26,101790,101790,0,103070,103070,0,101540,101910,238,101010,101010,0,100870,100870,0,102040,102040,0,103990,104520,12,102070,102070,0,104000,104000,0,102450,102450,0,NA,NA,NA,NA,NA,NA,NA,NA,NA,NA,NA,NA,NA,NA,NA
"2015-09-07",NA,NA,NA,NA,NA,NA,1e+05,99750,104,100570,100320,38,101830,101830,0,103110,103110,0,101680,101610,122,100710,100710,0,100570,100570,0,101710,103360,4,104390,104390,0,103390,103390,0,105340,105340,0,103770,103770,0,NA,NA,NA,NA,NA,NA,NA,NA,NA,NA,NA,NA,NA,NA,NA
"2015-09-08",NA,NA,NA,NA,NA,NA,100150,99400,76,101500,100080,108,101580,101580,0,102860,102860,0,102060,101460,80,100560,100560,0,100420,100420,0,103360,103360,0,104390,104390,0,103390,103390,0,102880,105070,6,103770,103770,0,NA,NA,NA,NA,NA,NA,NA,NA,NA,NA,NA,NA,NA,NA,NA
"2015-09-09",NA,NA,NA,NA,NA,NA,100400,100850,68,100870,101640,534,103160,103160,0,104460,104460,0,102140,102840,576,101930,101930,0,101470,101470,0,103360,103360,0,102950,102950,2,101960,101960,0,105070,105070,0,102330,102330,0,NA,NA,NA,NA,NA,NA,NA,NA,NA,NA,NA,NA,NA,NA,NA
"2015-09-10",NA,NA,NA,NA,NA,NA,101000,100460,256,101180,101120,398,102900,102900,0,104000,104000,0,102500,102560,754,103990,101540,8,101080,101080,0,102960,102960,0,103200,103200,0,101570,101570,0,106850,104310,20,101590,101590,0,NA,NA,NA,NA,NA,NA,NA,NA,NA,NA,NA,NA,NA,NA,NA
"2015-09-11",NA,NA,NA,NA,NA,NA,101600,102030,96,101680,102010,126,102900,102900,0,103180,103190,16,103030,103190,1060,102160,102160,0,101080,101080,0,103590,103590,0,104610,104650,36,103000,103000,0,105770,105770,0,101590,101590,0,NA,NA,NA,NA,NA,NA,NA,NA,NA,NA,NA,NA,NA,NA,NA
"2015-09-14",NA,NA,NA,NA,NA,NA,100130,100420,16,100970,101370,98,102250,102250,0,102540,102540,0,102120,103170,574,102140,102140,0,101680,101680,0,103570,103570,0,104650,104650,0,102980,102980,0,105750,105750,0,103000,103000,0,NA,NA,NA,NA,NA,NA,NA,NA,NA,NA,NA,NA,NA,NA,NA
"2015-09-15",NA,NA,NA,NA,NA,NA,99600,99810,32,100110,100600,130,101200,101200,0,101760,101760,0,101460,101590,432,100580,100580,0,100130,100130,0,101990,101990,0,104650,104650,0,102980,102980,0,104140,104140,0,101430,101430,0,NA,NA,NA,NA,NA,NA,NA,NA,NA,NA,NA,NA,NA,NA,NA
"2015-09-16",NA,NA,NA,NA,NA,NA,NA,NA,NA,100730,100730,170,101200,101200,0,101890,101890,0,102190,101890,296,104360,103580,6,103120,103120,0,105030,105030,0,104650,104650,0,106050,106050,0,107250,107250,0,104460,104460,0,104460,104460,0,NA,NA,NA,NA,NA,NA,NA,NA,NA,NA,NA,NA
"2015-09-17",NA,NA,NA,NA,NA,NA,NA,NA,NA,100800,100920,126,101200,101200,0,99800,101450,4,101850,102160,196,103860,103860,0,103120,103120,0,105310,105310,0,104650,104650,0,106330,106330,0,107540,107540,0,104460,104460,0,104460,104460,0,NA,NA,NA,NA,NA,NA,NA,NA,NA,NA,NA,NA
"2015-09-18",NA,NA,NA,NA,NA,NA,NA,NA,NA,100600,101030,72,101200,101200,0,101450,101450,0,101300,101520,328,103210,103210,0,102740,102740,0,104650,104650,0,104650,104650,0,105660,105660,0,103230,103230,4,100540,100540,0,101580,101580,2,NA,NA,NA,NA,NA,NA,NA,NA,NA,NA,NA,NA
"2015-09-21",NA,NA,NA,NA,NA,NA,NA,NA,NA,99310,99380,172,100600,100600,0,101200,101200,0,100550,100350,630,103210,103210,0,101560,101560,0,103450,103450,0,104650,104650,0,101430,101430,2,99090,99090,0,96510,96510,0,97510,97510,0,NA,NA,NA,NA,NA,NA,NA,NA,NA,NA,NA,NA
"2015-09-22",NA,NA,NA,NA,NA,NA,NA,NA,NA,98520,98750,74,99800,99800,0,100560,100560,0,99050,99820,454,102670,102670,0,101560,101560,0,102910,102910,0,104100,104100,0,101430,101430,0,98570,98570,0,96510,96510,0,100500,101180,8,NA,NA,NA,NA,NA,NA,NA,NA,NA,NA,NA,NA
"2015-09-23",NA,NA,NA,NA,NA,NA,NA,NA,NA,98000,97810,106,98450,98450,0,99610,99610,0,98800,98510,544,101330,101330,0,99710,99710,0,101560,101560,0,101770,101770,0,101430,101430,0,97280,97280,0,94740,94740,0,99990,99990,2,NA,NA,NA,NA,NA,NA,NA,NA,NA,NA,NA,NA
"2015-09-24",NA,NA,NA,NA,NA,NA,NA,NA,NA,98290,97770,28,98450,98450,0,99610,99610,0,98740,98590,304,101300,101300,0,99790,99790,0,98890,98890,2,98880,98950,12,101430,101430,0,98790,98790,0,92110,92110,0,99510,99510,4,NA,NA,NA,NA,NA,NA,NA,NA,NA,NA,NA,NA
"2015-09-25",NA,NA,NA,NA,NA,NA,NA,NA,NA,98190,98070,98,98450,98450,0,99910,99910,0,98980,99100,354,101830,101830,0,100310,100310,0,99400,99400,0,99460,99460,0,101430,101430,0,99300,99300,0,92590,92590,0,99510,99510,0,NA,NA,NA,NA,NA,NA,NA,NA,NA,NA,NA,NA
"2015-09-28",NA,NA,NA,NA,NA,NA,NA,NA,NA,96200,95930,336,97500,97500,0,97730,97730,0,97400,97790,466,100480,100480,0,98980,98980,0,98080,98080,0,99460,99460,0,101430,101430,0,97990,97990,0,91360,91360,0,98190,98190,0,NA,NA,NA,NA,NA,NA,NA,NA,NA,NA,NA,NA
"2015-09-29",NA,NA,NA,NA,NA,NA,NA,NA,NA,95800,95840,108,97000,97000,0,97640,97640,0,97100,97050,696,99720,99720,0,98230,98230,0,97340,97340,0,99460,99460,0,101430,101430,0,97250,97250,0,90670,90670,0,97450,97450,0,NA,NA,NA,NA,NA,NA,NA,NA,NA,NA,NA,NA
"2015-09-30",NA,NA,NA,NA,NA,NA,NA,NA,NA,96000,96250,88,96250,95920,6,96550,96550,0,97100,97560,498,100250,100250,0,98750,98750,0,97850,97850,0,99460,99460,0,101430,101430,0,97760,97760,0,91150,91150,0,97970,97970,0,NA,NA,NA,NA,NA,NA,NA,NA,NA,NA,NA,NA
"2015-10-08",NA,NA,NA,NA,NA,NA,NA,NA,NA,96690,96910,20,95920,95920,0,97210,97210,0,98130,98320,352,101030,101030,0,99520,99520,0,98610,98610,0,100230,100230,0,102470,99950,12,96330,96330,0,89810,89810,0,98200,98200,0,NA,NA,NA,NA,NA,NA,NA,NA,NA,NA,NA,NA
"2015-10-09",NA,NA,NA,NA,NA,NA,NA,NA,NA,97400,96800,132,96200,96200,0,97100,97100,0,99100,98450,1146,101170,101170,0,99660,99660,0,98740,98740,0,100230,100230,0,100090,100090,0,96460,96460,0,96990,96990,0,98200,98200,0,NA,NA,NA,NA,NA,NA,NA,NA,NA,NA,NA,NA
"2015-10-12",NA,NA,NA,NA,NA,NA,NA,NA,NA,97500,97230,136,97490,97070,4,98000,98000,2,99010,99090,706,101830,101830,0,100310,100310,0,99380,99380,0,102310,102310,10,100090,100090,0,99680,99680,2,98010,98010,0,102120,102120,4,NA,NA,NA,NA,NA,NA,NA,NA,NA,NA,NA,NA
"2015-10-13",NA,NA,NA,NA,NA,NA,NA,NA,NA,98000,97770,40,97070,97070,0,98540,98540,0,98560,99060,1414,101800,101800,0,100280,100280,0,99350,99350,0,102280,102280,0,100060,100060,0,99680,99680,0,97980,97980,0,102090,102090,0,NA,NA,NA,NA,NA,NA,NA,NA,NA,NA,NA,NA
"2015-10-14",NA,NA,NA,NA,NA,NA,NA,NA,NA,97200,97200,0,96000,96000,2,97450,97450,0,97510,98010,1070,100720,100720,0,99220,99220,0,98300,98300,0,101780,101780,0,100060,100060,0,98620,98620,0,96940,96940,0,101010,101010,0,NA,NA,NA,NA,NA,NA,NA,NA,NA,NA,NA,NA
"2015-10-15",NA,NA,NA,NA,NA,NA,NA,NA,NA,96000,96000,72,98100,97820,12,99200,98140,10,99600,99220,2736,101960,101960,0,100440,100440,0,99510,99510,0,101780,101780,0,100060,100060,0,99840,99840,0,98130,98130,0,102250,102250,0,NA,NA,NA,NA,NA,NA,NA,NA,NA,NA,NA,NA
"2015-10-16",NA,NA,NA,NA,NA,NA,NA,NA,NA,NA,NA,NA,97820,97820,0,98140,98140,0,98460,99250,2108,101960,101960,0,100470,100470,0,99540,99540,0,101780,101780,0,100090,100090,0,99870,99870,0,98160,98160,0,102280,102280,0,102280,102280,0,NA,NA,NA,NA,NA,NA,NA,NA,NA
"2015-10-19",NA,NA,NA,NA,NA,NA,NA,NA,NA,NA,NA,NA,97800,97800,0,98140,98140,0,98010,98370,1976,101050,101050,0,99580,99580,0,98650,98650,0,101600,101600,0,100090,100090,0,99870,99870,0,97290,97290,0,101370,101370,0,102280,102280,0,NA,NA,NA,NA,NA,NA,NA,NA,NA
"2015-10-20",NA,NA,NA,NA,NA,NA,NA,NA,NA,NA,NA,NA,97800,97800,0,98140,98140,0,98190,98050,788,100720,100720,0,99260,99260,0,98650,98650,0,100500,100500,2,99000,99000,0,98780,98780,0,96230,96230,0,100270,100270,0,101170,101170,0,NA,NA,NA,NA,NA,NA,NA,NA,NA
"2015-10-21",NA,NA,NA,NA,NA,NA,NA,NA,NA,NA,NA,NA,97200,97220,58,97560,97560,0,98420,98670,2036,101360,101360,0,99890,99890,0,99280,99280,0,100500,100500,0,99630,99630,0,99410,99410,0,96840,96840,0,100910,100910,0,101810,101810,0,NA,NA,NA,NA,NA,NA,NA,NA,NA
"2015-10-22",NA,NA,NA,NA,NA,NA,NA,NA,NA,NA,NA,NA,97220,97220,0,97560,97560,0,98500,98290,1110,100970,100970,0,99500,99500,0,98890,98890,0,1e+05,100010,10,99140,99140,0,98920,98920,0,96370,96370,0,100420,100420,0,101310,101310,0,NA,NA,NA,NA,NA,NA,NA,NA,NA
"2015-10-23",NA,NA,NA,NA,NA,NA,NA,NA,NA,NA,NA,NA,97220,97220,0,95750,96820,4,98490,98140,1914,100810,100810,0,99350,99350,0,98740,98740,0,100010,100010,0,99140,99140,0,98770,98770,0,96220,96220,0,100260,100260,0,101150,101150,0,NA,NA,NA,NA,NA,NA,NA,NA,NA
"2015-10-26",NA,NA,NA,NA,NA,NA,NA,NA,NA,NA,NA,NA,96000,96000,22,95600,95600,0,97450,97810,2398,100470,100470,0,99350,99350,0,98410,98410,0,99490,99490,0,98800,98800,0,98440,98440,0,96220,96220,0,99920,99920,0,101150,101150,0,NA,NA,NA,NA,NA,NA,NA,NA,NA
"2015-10-27",NA,NA,NA,NA,NA,NA,NA,NA,NA,NA,NA,NA,96000,96000,22,95440,94660,8,97200,96870,2664,99500,99500,0,99010,99010,0,97460,97460,0,98530,98530,0,97850,97850,0,97490,97490,0,95890,95890,0,98960,98960,0,100810,100810,0,NA,NA,NA,NA,NA,NA,NA,NA,NA
"2015-10-28",NA,NA,NA,NA,NA,NA,NA,NA,NA,NA,NA,NA,94100,94100,10,94600,94930,64,95070,95870,2088,98470,98470,0,97050,97050,0,96450,96450,0,97510,97510,0,97850,97850,0,96750,96750,2,94240,94240,0,98200,98200,0,99080,99080,0,NA,NA,NA,NA,NA,NA,NA,NA,NA
"2015-10-29",NA,NA,NA,NA,NA,NA,NA,NA,NA,NA,NA,NA,94100,94100,0,94940,94300,10,94530,95000,4442,97580,97580,0,96170,96170,0,95570,95570,0,96470,96530,14,97300,97300,2,96200,96200,0,93710,93710,0,97640,97640,0,99080,99080,0,NA,NA,NA,NA,NA,NA,NA,NA,NA
"2015-10-30",NA,NA,NA,NA,NA,NA,NA,NA,NA,NA,NA,NA,92000,92130,6,93190,92930,12,93350,93490,5608,96030,96030,0,94640,94640,0,94050,94050,0,95000,95000,2,95750,95750,0,94670,94670,0,92220,92220,0,95790,94420,6,95810,95810,0,NA,NA,NA,NA,NA,NA,NA,NA,NA
"2015-11-02",NA,NA,NA,NA,NA,NA,NA,NA,NA,NA,NA,NA,92000,92130,0,93010,93450,4,93610,93560,2946,96100,96100,0,94640,94640,0,94120,94120,0,95000,95000,2,95750,95750,0,94670,94670,0,92220,92220,0,96000,95740,10,95810,95810,0,NA,NA,NA,NA,NA,NA,NA,NA,NA
"2015-11-03",NA,NA,NA,NA,NA,NA,NA,NA,NA,NA,NA,NA,92130,92130,0,92900,92900,2,93220,93530,1218,96060,96060,0,94680,94680,0,94090,94090,0,97380,97380,2,98010,98010,4,96900,96900,0,94390,94390,0,95740,95740,0,99440,99440,0,NA,NA,NA,NA,NA,NA,NA,NA,NA
"2015-11-04",NA,NA,NA,NA,NA,NA,NA,NA,NA,NA,NA,NA,92130,92130,0,92900,92900,0,93010,93040,1502,95560,95560,0,94180,94180,0,93600,93600,0,93810,93830,10,94090,94090,4,93020,93020,0,90610,90610,0,95740,95740,4,99440,99440,0,NA,NA,NA,NA,NA,NA,NA,NA,NA
"2015-11-05",NA,NA,NA,NA,NA,NA,NA,NA,NA,NA,NA,NA,92130,92130,0,92900,92900,0,93210,93210,2090,95740,95740,0,94180,94180,0,93780,93780,0,96500,94730,4,97220,94180,8,93110,93110,0,90610,90610,0,95830,95830,0,94090,94090,6,NA,NA,NA,NA,NA,NA,NA,NA,NA
"2015-11-06",NA,NA,NA,NA,NA,NA,NA,NA,NA,NA,NA,NA,92130,92130,0,92090,92090,0,91760,91960,3454,91910,91910,2,90580,90580,0,90020,90020,0,94300,94300,0,90410,90410,0,89380,89380,0,87060,87060,0,91990,92540,18,92020,92530,4,NA,NA,NA,NA,NA,NA,NA,NA,NA
"2015-11-09",NA,NA,NA,NA,NA,NA,NA,NA,NA,NA,NA,NA,91700,91700,0,91600,91600,0,91560,91690,2466,91640,91640,0,90310,90310,0,92600,92600,2,92790,92020,14,91010,91010,0,87220,87220,0,84960,84960,0,90300,90300,0,92530,92530,0,NA,NA,NA,NA,NA,NA,NA,NA,NA
"2015-11-10",NA,NA,NA,NA,NA,NA,NA,NA,NA,NA,NA,NA,91700,91700,0,90000,90080,14,90770,90710,2568,90660,90660,0,89340,89340,0,91610,91610,0,92000,92000,0,90040,90040,0,89410,89410,2,87090,87090,0,92560,92560,0,92530,92530,0,NA,NA,NA,NA,NA,NA,NA,NA,NA
"2015-11-11",NA,NA,NA,NA,NA,NA,NA,NA,NA,NA,NA,NA,91700,91700,0,90080,90080,0,90040,90180,2654,90130,90130,0,89340,89340,0,91070,91070,0,92000,92000,0,89510,89510,0,89410,89410,0,87090,87090,0,91980,91980,0,92530,92530,0,NA,NA,NA,NA,NA,NA,NA,NA,NA
"2015-11-12",NA,NA,NA,NA,NA,NA,NA,NA,NA,NA,NA,NA,91700,91700,0,90080,90080,0,90880,90560,2260,90510,90510,0,88880,88880,0,91460,91460,0,92000,92000,0,89890,89890,0,89790,89790,0,86950,86950,0,92370,92370,0,92530,92530,0,NA,NA,NA,NA,NA,NA,NA,NA,NA
"2015-11-13",NA,NA,NA,NA,NA,NA,NA,NA,NA,NA,NA,NA,91700,91700,0,90080,90080,0,89850,90250,2776,90200,90200,0,88570,88570,0,91150,91150,0,90410,90490,6,88410,88410,0,88310,88310,0,85520,85520,0,91840,91840,0,92530,92530,0,NA,NA,NA,NA,NA,NA,NA,NA,NA
"2015-11-16",NA,NA,NA,NA,NA,NA,NA,NA,NA,NA,NA,NA,90000,90000,0,90000,90000,0,89700,90240,1710,90190,90190,0,88570,88570,0,91140,91140,0,90490,90490,0,88400,88400,0,88300,88300,0,85520,85520,0,91830,91830,0,92530,92530,0,NA,NA,NA,NA,NA,NA,NA,NA,NA
"2015-11-17",NA,NA,NA,NA,NA,NA,NA,NA,NA,NA,NA,NA,NA,NA,NA,89490,88240,4,88600,89380,2836,88110,88110,2,88560,88560,0,89030,89030,0,90600,90690,6,88590,88590,0,88490,88490,0,85510,85510,0,92030,92030,0,92500,92130,10,92530,92530,0,NA,NA,NA,NA,NA,NA
"2015-11-18",NA,NA,NA,NA,NA,NA,NA,NA,NA,NA,NA,NA,NA,NA,NA,86810,87570,8,88000,88280,3416,87030,87030,0,86510,86510,0,87940,87940,0,87980,88650,392,86600,86600,0,86500,86500,0,85700,85700,0,89960,89960,0,90060,90060,0,92530,92530,0,NA,NA,NA,NA,NA,NA
"2015-11-19",NA,NA,NA,NA,NA,NA,NA,NA,NA,NA,NA,NA,NA,NA,NA,87030,87030,0,85640,86440,5340,85210,85210,0,85450,85450,0,86100,86100,0,86200,86660,120,84650,84650,0,84560,84560,0,83770,83770,0,87940,87940,0,88040,88040,0,90450,90450,0,NA,NA,NA,NA,NA,NA
"2015-11-20",NA,NA,NA,NA,NA,NA,NA,NA,NA,NA,NA,NA,NA,NA,NA,87030,87030,0,85120,84440,7442,85210,85210,0,83660,83660,0,84100,84100,0,84820,84560,86,82600,82600,0,82510,82510,0,81890,81890,0,85810,85810,0,88040,88040,0,83830,83830,2,NA,NA,NA,NA,NA,NA
"2015-11-23",NA,NA,NA,NA,NA,NA,NA,NA,NA,NA,NA,NA,NA,NA,NA,83540,83540,2,81350,82900,6700,83650,83650,0,81720,81720,0,82560,82560,0,81790,82020,198,80120,80120,0,80030,80030,0,79900,79900,0,83230,83230,0,84510,84510,0,81310,81310,0,NA,NA,NA,NA,NA,NA
"2015-11-24",NA,NA,NA,NA,NA,NA,NA,NA,NA,NA,NA,NA,NA,NA,NA,81500,81250,8,81260,80790,8838,81520,81520,0,80230,80230,0,80460,80460,0,81800,81130,188,79250,79250,0,79160,79160,0,77500,77500,0,82320,82320,0,84510,84510,0,80420,80420,0,NA,NA,NA,NA,NA,NA
"2015-11-25",NA,NA,NA,NA,NA,NA,NA,NA,NA,NA,NA,NA,NA,NA,NA,83000,83000,6,83320,82610,7450,82350,83950,108,80520,80520,0,83670,83670,12,83460,82710,112,82420,82420,0,82320,82320,0,78140,78140,0,83920,83920,0,82500,82910,22,78900,78900,0,NA,NA,NA,NA,NA,NA
"2015-11-26",NA,NA,NA,NA,NA,NA,NA,NA,NA,NA,NA,NA,NA,NA,NA,83000,83000,0,84230,84140,8380,85510,85510,0,80520,80520,0,85220,85220,0,84100,84950,432,84650,84650,0,84550,84550,0,78140,78140,0,86190,86190,0,84500,84500,2,82050,82050,0,NA,NA,NA,NA,NA,NA
"2015-11-27",NA,NA,NA,NA,NA,NA,NA,NA,NA,NA,NA,NA,NA,NA,NA,83000,83000,0,84770,85850,10582,87240,87240,0,82020,82020,0,86950,86950,0,85280,86390,310,86080,86080,0,85980,85980,0,80250,80250,0,87650,87650,0,85110,85490,14,83010,83010,0,NA,NA,NA,NA,NA,NA
"2015-11-30",NA,NA,NA,NA,NA,NA,NA,NA,NA,NA,NA,NA,NA,NA,NA,83020,83020,2,84840,84730,5504,86100,86100,0,82580,82580,0,86950,86950,0,84710,84750,200,84450,84450,0,85980,85980,2,81610,81610,0,87650,87650,0,85490,85490,0,83010,83010,0,NA,NA,NA,NA,NA,NA
"2015-12-01",NA,NA,NA,NA,NA,NA,NA,NA,NA,NA,NA,NA,NA,NA,NA,83020,83020,0,85260,85330,3288,85500,85500,2,82000,82000,0,86340,86340,0,85490,85640,502,85340,85340,0,86890,86890,0,82470,82470,0,88570,88570,0,85490,85490,0,83890,83890,0,NA,NA,NA,NA,NA,NA
"2015-12-02",NA,NA,NA,NA,NA,NA,NA,NA,NA,NA,NA,NA,NA,NA,NA,83020,83020,0,85710,85720,2334,85890,85890,0,82380,82380,0,86740,86740,0,86330,86380,304,85340,85340,0,87640,87640,0,83180,83180,0,86350,86350,6,86500,86500,6,84880,84880,0,NA,NA,NA,NA,NA,NA
"2015-12-03",NA,NA,NA,NA,NA,NA,NA,NA,NA,NA,NA,NA,NA,NA,NA,83020,83020,0,84080,84540,3302,84710,84710,0,81250,81250,0,86390,86390,0,85450,85980,426,84940,84940,0,84130,84130,2,79840,79840,0,82890,82890,0,84700,85680,14,84070,84070,0,NA,NA,NA,NA,NA,NA
"2015-12-04",NA,NA,NA,NA,NA,NA,NA,NA,NA,NA,NA,NA,NA,NA,NA,83020,83020,0,83760,83970,1414,84140,84140,0,80700,80700,0,85810,85810,0,85160,85260,258,84230,84230,0,83420,83420,0,79170,79170,0,86200,86190,42,86330,86330,2,84700,84700,0,NA,NA,NA,NA,NA,NA
"2015-12-07",NA,NA,NA,NA,NA,NA,NA,NA,NA,NA,NA,NA,NA,NA,NA,83020,83020,0,85760,84680,1746,84140,84140,0,81390,81390,0,86540,86540,0,86600,85920,322,84880,84880,0,84060,84060,0,79780,79780,0,86200,86200,0,86330,86330,0,85350,85350,0,NA,NA,NA,NA,NA,NA
"2015-12-08",NA,NA,NA,NA,NA,NA,NA,NA,NA,NA,NA,NA,NA,NA,NA,83020,83020,0,84450,84320,1566,83780,83780,0,81040,81040,0,86170,86170,0,85150,85460,274,84420,84420,0,83610,83610,0,79350,79350,0,86200,86200,0,85450,85450,0,84890,84890,0,NA,NA,NA,NA,NA,NA
"2015-12-09",NA,NA,NA,NA,NA,NA,NA,NA,NA,NA,NA,NA,NA,NA,NA,83020,83020,0,84430,84260,1472,83720,83720,0,80980,80980,0,86110,86110,0,85400,85210,278,84170,84170,0,83610,83610,0,79120,79120,0,86200,86200,0,85250,85250,2,84690,84690,0,NA,NA,NA,NA,NA,NA
"2015-12-10",NA,NA,NA,NA,NA,NA,NA,NA,NA,NA,NA,NA,NA,NA,NA,83020,83020,0,84750,84770,1234,84230,84230,0,80980,80980,0,86630,86630,0,85900,85870,232,83490,83490,2,82930,82930,0,79120,79120,0,86200,86200,0,86950,86950,2,86370,86370,0,NA,NA,NA,NA,NA,NA
"2015-12-11",NA,NA,NA,NA,NA,NA,NA,NA,NA,NA,NA,NA,NA,NA,NA,83020,83020,0,86520,85870,1240,85320,85320,0,82530,82530,0,87760,87760,0,88290,87240,436,86820,86820,0,86240,86240,0,84750,84750,0,86890,86890,2,86610,86370,6,85790,85790,0,NA,NA,NA,NA,NA,NA
"2015-12-14",NA,NA,NA,NA,NA,NA,NA,NA,NA,NA,NA,NA,NA,NA,NA,83020,83020,0,88760,87930,3352,87370,87370,0,84510,84510,0,89870,89870,0,89920,88890,686,88460,88460,0,87870,87870,0,86350,86350,0,88530,88530,0,89280,89330,18,88730,88730,0,NA,NA,NA,NA,NA,NA
"2015-12-15",NA,NA,NA,NA,NA,NA,NA,NA,NA,NA,NA,NA,NA,NA,NA,86340,86340,0,88820,88990,2568,88420,88420,0,84510,84510,0,90950,90950,0,89800,89990,664,89550,89550,0,91380,91380,2,86350,86350,0,91860,91860,2,90000,90170,8,89570,89570,0,NA,NA,NA,NA,NA,NA
"2015-12-16",NA,NA,NA,NA,NA,NA,NA,NA,NA,NA,NA,NA,NA,NA,NA,NA,NA,NA,89380,88960,1272,88390,88390,0,85510,85510,0,90920,90920,0,89720,89850,228,89410,89410,0,91230,91230,0,89650,89650,0,91000,91000,0,91710,91710,4,91090,91090,0,89570,89570,0,NA,NA,NA
"2015-12-17",NA,NA,NA,NA,NA,NA,NA,NA,NA,NA,NA,NA,NA,NA,NA,NA,NA,NA,91420,90540,2426,89960,89960,0,87030,87030,0,92530,92530,0,91710,91190,1042,90740,90740,0,92590,92590,0,90980,90980,0,92350,92350,0,91710,91710,0,92450,92450,0,90900,90900,0,NA,NA,NA
"2015-12-18",NA,NA,NA,NA,NA,NA,NA,NA,NA,NA,NA,NA,NA,NA,NA,NA,NA,NA,94160,92910,3668,93550,93550,0,93990,93990,0,94960,94960,0,94830,93410,3352,92950,92950,0,94840,94840,0,93190,93190,0,94600,94600,0,95360,94150,8,94910,94910,0,93320,93320,0,NA,NA,NA
"2015-12-21",NA,NA,NA,NA,NA,NA,NA,NA,NA,NA,NA,NA,NA,NA,NA,NA,NA,NA,97260,95790,5162,96450,96450,0,96910,96910,0,94960,94960,0,97600,96550,6526,96660,96660,0,98020,98020,0,96320,96320,0,97780,97780,0,97910,97910,2,98700,98700,0,97040,97040,0,NA,NA,NA
"2015-12-22",NA,NA,NA,NA,NA,NA,NA,NA,NA,NA,NA,NA,NA,NA,NA,NA,NA,NA,97350,97840,4680,98520,98520,0,98990,98990,0,94760,96490,4,96670,97480,17050,97590,97590,0,98960,98960,0,97250,97250,0,97880,99260,98,98190,97770,4,97400,98940,4,97280,97280,0,NA,NA,NA
"2015-12-23",NA,NA,NA,NA,NA,NA,NA,NA,NA,NA,NA,NA,NA,NA,NA,NA,NA,NA,95010,96150,2968,96820,96820,0,97280,97280,0,94820,94820,0,94200,95360,19194,95470,95470,0,96810,96810,0,95130,95130,0,95600,96420,38,97770,97770,0,96110,96110,0,94500,94500,0,NA,NA,NA
"2015-12-24",NA,NA,NA,NA,NA,NA,NA,NA,NA,NA,NA,NA,NA,NA,NA,NA,NA,NA,94650,95080,1254,95750,95750,0,96200,96200,0,93770,93770,0,93780,94210,17184,94320,94320,0,95640,95640,0,93980,93980,0,95370,96110,48,96080,96080,0,95800,95800,0,94190,94190,0,NA,NA,NA
"2015-12-25",NA,NA,NA,NA,NA,NA,NA,NA,NA,NA,NA,NA,NA,NA,NA,NA,NA,NA,94400,94730,536,95400,95400,0,95850,95850,0,93430,93430,0,93630,93710,10156,93820,93820,0,95130,95130,0,93480,93480,0,95140,94880,18,96080,96080,0,94570,94570,0,92980,92980,0,NA,NA,NA
"2015-12-28",NA,NA,NA,NA,NA,NA,NA,NA,NA,NA,NA,NA,NA,NA,NA,NA,NA,NA,93510,94240,326,94910,94910,0,93710,91670,4,89690,89690,0,91720,92830,9530,92940,92940,0,94240,94240,0,92600,92600,0,93390,94370,66,95560,95560,0,94060,94060,0,92480,92480,0,NA,NA,NA
"2015-12-29",NA,NA,NA,NA,NA,NA,NA,NA,NA,NA,NA,NA,NA,NA,NA,NA,NA,NA,91900,91810,694,92470,92470,0,89310,89310,0,87380,87380,0,92600,92000,14662,92110,92110,0,93400,93400,0,91770,91770,0,93900,93520,26,95560,95560,0,93210,93210,0,91640,91640,0,NA,NA,NA
"2015-12-30",NA,NA,NA,NA,NA,NA,NA,NA,NA,NA,NA,NA,NA,NA,NA,NA,NA,NA,93050,92630,138,92470,92470,0,90110,90110,0,90870,90870,0,93910,93950,16860,94060,94060,0,95380,95380,0,93720,93720,0,95580,95500,28,97580,97580,0,95180,95180,0,93580,93580,0,NA,NA,NA
"2015-12-31",NA,NA,NA,NA,NA,NA,NA,NA,NA,NA,NA,NA,NA,NA,NA,NA,NA,NA,92810,93000,166,92840,92840,0,90470,90470,0,91230,91230,0,93370,93280,17454,93380,93380,0,94690,94690,0,93720,93720,0,94650,94700,46,93670,93670,2,91370,91370,0,93580,93580,0,NA,NA,NA
"2016-01-04",NA,NA,NA,NA,NA,NA,NA,NA,NA,NA,NA,NA,NA,NA,NA,NA,NA,NA,93000,93080,52,92920,92920,0,90550,90550,0,91310,91310,0,91710,92360,7628,92460,92460,0,93760,93760,0,92130,92130,0,93440,93800,8,93670,93670,0,90500,90500,0,88980,88980,0,NA,NA,NA
"2016-01-05",NA,NA,NA,NA,NA,NA,NA,NA,NA,NA,NA,NA,NA,NA,NA,NA,NA,NA,94280,93750,24,93590,93590,0,91200,91200,0,91970,91970,0,93000,92400,12748,93840,92510,12,93810,93810,0,92180,92180,0,94650,93680,32,93550,93550,0,90380,90380,0,88860,88860,0,NA,NA,NA
"2016-01-06",NA,NA,NA,NA,NA,NA,NA,NA,NA,NA,NA,NA,NA,NA,NA,NA,NA,NA,93710,93560,44,93400,93400,0,91020,91020,0,91790,91790,0,92720,92630,10368,92740,92740,0,94050,94050,0,92410,92410,0,93870,93540,50,93410,93410,0,90250,90250,0,88730,88730,0,NA,NA,NA
"2016-01-07",NA,NA,NA,NA,NA,NA,NA,NA,NA,NA,NA,NA,NA,NA,NA,NA,NA,NA,96000,95800,156,95630,95630,0,93190,93190,0,93980,93980,0,91700,92240,12942,92350,92350,0,93660,93660,0,92030,92030,0,92830,93060,62,93410,93410,0,89790,89790,0,88280,88280,0,NA,NA,NA
"2016-01-08",NA,NA,NA,NA,NA,NA,NA,NA,NA,NA,NA,NA,NA,NA,NA,NA,NA,NA,92610,94930,100,94760,94760,0,92350,92350,0,93130,93130,0,92630,91630,15172,92940,92860,44,94180,94180,0,92030,92030,0,93300,92400,46,93410,93410,0,89160,89160,0,88280,88280,0,NA,NA,NA
"2016-01-11",NA,NA,NA,NA,NA,NA,NA,NA,NA,NA,NA,NA,NA,NA,NA,NA,NA,NA,95820,95810,16,95640,95640,0,93200,93200,0,93990,93990,0,93000,93240,14282,94490,94490,0,95830,95830,0,94170,94170,0,93420,93840,76,94860,94860,0,90550,90550,0,90860,90860,0,NA,NA,NA
"2016-01-12",NA,NA,NA,NA,NA,NA,NA,NA,NA,NA,NA,NA,NA,NA,NA,NA,NA,NA,96500,95680,40,95510,95510,0,93070,93070,0,93860,93860,0,92450,93130,15264,94380,94380,0,95720,95720,0,94060,94060,0,92200,93120,72,94860,94860,0,89860,89860,0,90860,90860,0,NA,NA,NA
"2016-01-13",NA,NA,NA,NA,NA,NA,NA,NA,NA,NA,NA,NA,NA,NA,NA,NA,NA,NA,95500,95500,0,95510,95510,0,91840,92300,12,90370,90530,10,92600,92240,17358,93480,93480,0,94810,94810,0,93160,93160,0,91090,91640,136,92000,91510,18,86690,86690,0,90860,90860,0,NA,NA,NA
"2016-01-14",NA,NA,NA,NA,NA,NA,NA,NA,NA,NA,NA,NA,NA,NA,NA,NA,NA,NA,93500,93760,24,93770,93770,0,90620,90620,0,93280,93280,2,93190,92560,13682,93810,93810,0,95140,95140,0,93490,93490,0,93490,92180,88,91510,91510,0,90150,90150,0,90860,90860,0,NA,NA,NA
"2016-01-15",NA,NA,NA,NA,NA,NA,NA,NA,NA,NA,NA,NA,NA,NA,NA,NA,NA,NA,94400,94400,20,94410,94410,0,94230,94230,4,96990,96990,0,93090,93590,13236,94850,94850,0,96190,96190,0,94530,94530,0,92200,93420,46,91510,91510,0,91360,91360,0,90860,90860,0,NA,NA,NA
"2016-01-18",NA,NA,NA,NA,NA,NA,NA,NA,NA,NA,NA,NA,NA,NA,NA,NA,NA,NA,NA,NA,NA,94410,94410,0,94230,94230,0,96990,96990,0,95060,94270,17032,95540,95540,0,96890,96890,0,95220,95220,0,95480,93830,22,94770,94770,2,94610,94610,0,94090,94090,0,94090,94090,0
"2016-01-19",NA,NA,NA,NA,NA,NA,NA,NA,NA,NA,NA,NA,NA,NA,NA,NA,NA,NA,NA,NA,NA,94410,94410,0,94230,94230,0,96990,96990,0,94790,94930,12976,96210,96210,0,97570,97570,0,95890,95890,0,95410,94820,36,94770,94770,0,95600,95600,0,95080,95080,0,95080,95080,0
"2016-01-20",NA,NA,NA,NA,NA,NA,NA,NA,NA,NA,NA,NA,NA,NA,NA,NA,NA,NA,NA,NA,NA,94410,94410,0,94230,94230,0,96990,96990,0,93940,94090,11544,95360,95360,0,96700,96700,0,95890,95890,0,93700,94540,20,94490,94490,0,95310,95310,0,95080,95080,0,95080,95080,0
"2016-01-21",NA,NA,NA,NA,NA,NA,NA,NA,NA,NA,NA,NA,NA,NA,NA,NA,NA,NA,NA,NA,NA,94410,94410,0,94230,94230,0,96990,96990,0,95240,95040,20734,96320,96320,0,97680,97680,0,96000,96000,0,95900,95210,18,94490,94490,0,95990,95990,0,95080,95080,0,95080,95080,0
"2016-01-22",NA,NA,NA,NA,NA,NA,NA,NA,NA,NA,NA,NA,NA,NA,NA,NA,NA,NA,NA,NA,NA,94410,94410,0,94230,94230,0,96990,96990,0,96150,95870,15416,98260,96310,4,97670,97670,0,95990,95990,0,96030,96250,22,95520,95520,0,97040,97040,0,95080,95080,0,95080,95080,0
"2016-01-25",NA,NA,NA,NA,NA,NA,NA,NA,NA,NA,NA,NA,NA,NA,NA,NA,NA,NA,NA,NA,NA,94410,94410,0,94230,94230,0,96990,96990,0,97730,97400,20878,97840,97840,0,99220,99220,0,97520,97520,0,97150,97150,14,96410,96410,0,97950,97950,0,95080,95080,0,95080,95080,0
"2016-01-26",NA,NA,NA,NA,NA,NA,NA,NA,NA,NA,NA,NA,NA,NA,NA,NA,NA,NA,NA,NA,NA,94410,94410,0,94230,94230,0,96990,96990,0,97700,97390,16062,97830,97830,0,99210,99210,0,97510,97510,0,97150,97150,0,96400,96400,0,97940,97940,0,95080,95080,0,95080,95080,0
"2016-01-27",NA,NA,NA,NA,NA,NA,NA,NA,NA,NA,NA,NA,NA,NA,NA,NA,NA,NA,NA,NA,NA,94410,94410,0,94230,94230,0,96990,96990,0,100380,99650,33510,100100,100100,0,101510,101510,0,99770,99770,0,99860,99040,22,98270,98270,0,99840,99840,0,96920,96920,0,98160,98160,0
"2016-01-28",NA,NA,NA,NA,NA,NA,NA,NA,NA,NA,NA,NA,NA,NA,NA,NA,NA,NA,NA,NA,NA,94410,94410,0,94230,94230,0,96990,96990,0,100260,100520,29174,100980,100980,0,102400,102400,0,100640,100640,0,100100,99970,32,99200,99200,0,100780,100780,0,96920,96920,0,98160,98160,0
"2016-01-29",NA,NA,NA,NA,NA,NA,NA,NA,NA,NA,NA,NA,NA,NA,NA,NA,NA,NA,NA,NA,NA,94410,94410,0,94230,94230,0,96990,96990,0,98280,98790,39550,99240,99240,0,100640,100640,0,98910,98910,0,98140,98520,58,97760,97760,0,99320,99320,0,96920,96920,0,98160,98160,0
"2016-02-01",NA,NA,NA,NA,NA,NA,NA,NA,NA,NA,NA,NA,NA,NA,NA,NA,NA,NA,NA,NA,NA,94410,94410,0,94230,94230,0,96990,96990,0,98440,99410,39834,99860,99860,0,101270,101270,0,99530,99530,0,98830,99290,16,98530,98530,0,100100,100100,0,96920,96920,0,98160,98160,0
"2016-02-02",NA,NA,NA,NA,NA,NA,NA,NA,NA,NA,NA,NA,NA,NA,NA,NA,NA,NA,NA,NA,NA,94410,94410,0,94230,94230,0,96990,96990,0,98970,98790,21844,99240,99240,0,100640,100640,0,98910,98910,0,98720,98520,10,97770,97770,0,99320,99320,0,96170,96170,0,98160,98160,0
"2016-02-03",NA,NA,NA,NA,NA,NA,NA,NA,NA,NA,NA,NA,NA,NA,NA,NA,NA,NA,NA,NA,NA,94410,94410,0,94230,94230,0,96990,96990,0,98700,98610,19434,99060,99060,0,100450,100450,0,98730,98730,0,98670,98530,18,97780,97780,0,99330,99330,0,96180,96180,0,98160,98160,0
"2016-02-04",NA,NA,NA,NA,NA,NA,NA,NA,NA,NA,NA,NA,NA,NA,NA,NA,NA,NA,NA,NA,NA,94410,94410,0,94230,94230,0,96990,96990,0,99790,99230,16544,99690,99690,0,101090,101090,0,99360,99360,0,99040,99180,10,98420,98420,0,99980,99980,0,96810,96810,0,98810,98810,0
"2016-02-05",NA,NA,NA,NA,NA,NA,NA,NA,NA,NA,NA,NA,NA,NA,NA,NA,NA,NA,NA,NA,NA,94410,94410,0,94230,94230,0,96990,96990,0,99430,99560,11934,100020,100020,0,101420,101420,0,99690,99690,0,99500,99700,20,98930,98930,0,100500,100500,0,97310,97310,0,99320,99320,0
"2016-02-15",NA,NA,NA,NA,NA,NA,NA,NA,NA,NA,NA,NA,NA,NA,NA,NA,NA,NA,NA,NA,NA,94410,94410,0,94230,94230,0,101000,99130,4,99930,99650,6436,100110,100110,0,101510,101510,0,99780,99780,0,99950,99620,26,98850,98850,0,100420,100420,0,97230,97230,0,99240,99240,0
"2016-02-16",NA,NA,NA,NA,NA,NA,NA,NA,NA,NA,NA,NA,NA,NA,NA,NA,NA,NA,NA,NA,NA,NA,NA,NA,94230,94230,0,99130,99130,0,99190,99600,12660,100060,100060,0,101460,101460,0,99730,99730,0,99240,99580,8,98810,98810,0,100380,100380,0,100290,99720,10,99240,99240,0
"2016-02-17",NA,NA,NA,NA,NA,NA,NA,NA,NA,NA,NA,NA,NA,NA,NA,NA,NA,NA,NA,NA,NA,NA,NA,NA,94230,94230,0,99130,99130,0,98750,99140,10220,99600,99600,0,100990,100990,0,99270,99270,0,99130,99130,2,98360,98360,0,99920,99920,0,99260,99260,0,99240,99240,0
"2016-02-18",NA,NA,NA,NA,NA,NA,NA,NA,NA,NA,NA,NA,NA,NA,NA,NA,NA,NA,NA,NA,NA,NA,NA,NA,94230,94230,0,99130,99130,0,99340,99420,11414,99880,99880,0,101270,101270,0,99550,99550,0,99050,99140,4,98360,98360,0,99930,99930,0,99270,99270,0,99240,99240,0
"2016-02-19",NA,NA,NA,NA,NA,NA,NA,NA,NA,NA,NA,NA,NA,NA,NA,NA,NA,NA,NA,NA,NA,NA,NA,NA,94230,94230,0,99130,99130,0,100250,99580,13440,100040,100040,0,101430,101430,0,99710,99710,0,99800,99150,54,98370,98370,0,99940,99940,0,99280,99280,0,99240,99240,0
"2016-02-22",NA,NA,NA,NA,NA,NA,NA,NA,NA,NA,NA,NA,NA,NA,NA,NA,NA,NA,NA,NA,NA,NA,NA,NA,97990,97990,0,100540,100540,2,103290,101720,24958,102190,102190,0,103610,103610,0,101850,101850,0,102700,101180,74,100380,100380,0,101980,101980,0,101310,101310,0,99240,99240,0
"2016-02-23",NA,NA,NA,NA,NA,NA,NA,NA,NA,NA,NA,NA,NA,NA,NA,NA,NA,NA,NA,NA,NA,NA,NA,NA,97990,97990,0,100540,100540,0,105540,104840,51802,105330,105330,0,106790,106790,0,104980,104980,0,104700,103970,202,104390,104390,0,104790,104790,0,101310,101310,0,99240,99240,0
"2016-02-24",NA,NA,NA,NA,NA,NA,NA,NA,NA,NA,NA,NA,NA,NA,NA,NA,NA,NA,NA,NA,NA,NA,NA,NA,97990,97990,0,104560,104560,0,105160,105560,54618,107980,106500,6,107970,107970,0,106140,106140,0,105210,104860,48,104390,104390,0,105690,105690,0,102180,102180,0,101770,101770,0
"2016-02-25",NA,NA,NA,NA,NA,NA,NA,NA,NA,NA,NA,NA,NA,NA,NA,NA,NA,NA,NA,NA,NA,NA,NA,NA,97990,97990,0,104560,104560,0,105180,105600,44526,106540,106540,0,108010,108010,0,106180,106180,0,104680,104930,36,104460,104460,0,105760,105760,0,106260,104230,4,103810,103810,0
"2016-02-26",NA,NA,NA,NA,NA,NA,NA,NA,NA,NA,NA,NA,NA,NA,NA,NA,NA,NA,NA,NA,NA,NA,NA,NA,101900,101900,0,107560,107560,4,103950,104260,48600,105320,105320,2,103680,104770,6,102990,102990,0,103760,103590,64,105250,105250,2,106550,106550,0,105010,105010,0,103810,103810,0
"2016-02-29",NA,NA,NA,NA,NA,NA,NA,NA,NA,NA,NA,NA,NA,NA,NA,NA,NA,NA,NA,NA,NA,NA,NA,NA,101900,101900,2,107560,107560,0,103640,104150,51306,105210,105210,0,104660,104660,0,102880,102880,0,103140,103830,60,105500,105500,0,106800,106800,0,105010,105010,0,103810,103810,0
"2016-03-01",NA,NA,NA,NA,NA,NA,NA,NA,NA,NA,NA,NA,NA,NA,NA,NA,NA,NA,NA,NA,NA,NA,NA,NA,101900,101900,0,107560,107560,0,104100,103860,31750,104920,104920,0,104550,105430,4,103640,103640,0,103180,103190,6,104850,104850,0,106140,106140,0,103710,104170,12,103810,103810,0
"2016-03-02",NA,NA,NA,NA,NA,NA,NA,NA,NA,NA,NA,NA,NA,NA,NA,NA,NA,NA,NA,NA,NA,NA,NA,NA,101900,101900,0,107560,107560,0,104710,104370,32300,105430,105430,0,105950,105950,0,104150,104150,0,104100,104060,14,105730,105730,0,107030,107030,0,105050,105050,0,103810,103810,0
"2016-03-03",NA,NA,NA,NA,NA,NA,NA,NA,NA,NA,NA,NA,NA,NA,NA,NA,NA,NA,NA,NA,NA,NA,NA,NA,101900,101900,0,107560,107560,0,108540,107190,74098,108280,108280,0,108810,108810,0,106960,106960,0,108190,107040,108,108760,108760,0,110100,110100,0,105050,105050,0,106740,106740,0
"2016-03-04",NA,NA,NA,NA,NA,NA,NA,NA,NA,NA,NA,NA,NA,NA,NA,NA,NA,NA,NA,NA,NA,NA,NA,NA,105970,105970,0,107560,107560,0,111600,110820,79394,111950,111950,0,112450,110590,18,106960,106960,0,111020,110210,166,111910,111590,4,112960,112960,0,109250,109250,0,106740,106740,0
"2016-03-07",NA,NA,NA,NA,NA,NA,NA,NA,NA,NA,NA,NA,NA,NA,NA,NA,NA,NA,NA,NA,NA,NA,NA,NA,105970,105970,0,111860,111860,0,112890,113330,82964,113000,113600,8,112220,112220,0,108710,108710,0,113590,113370,306,111590,111590,0,116200,116200,0,110510,110510,0,111190,111190,0
"2016-03-08",NA,NA,NA,NA,NA,NA,NA,NA,NA,NA,NA,NA,NA,NA,NA,NA,NA,NA,NA,NA,NA,NA,NA,NA,110200,108080,120,112500,114390,30,114540,114630,117778,113800,113800,2,114480,113890,6,110310,110310,0,116170,116360,1030,111710,111710,0,119270,119270,0,110860,110860,0,111190,111190,0
"2016-03-09",NA,NA,NA,NA,NA,NA,NA,NA,NA,NA,NA,NA,NA,NA,NA,NA,NA,NA,NA,NA,NA,NA,NA,NA,110200,108080,0,112500,114390,0,110110,111250,76510,112660,111070,8,111160,111160,0,111950,111950,0,111990,112480,430,112200,111450,4,114490,114490,0,110600,110600,0,104500,112960,6
"2016-03-10",NA,NA,NA,NA,NA,NA,NA,NA,NA,NA,NA,NA,NA,NA,NA,NA,NA,NA,NA,NA,NA,NA,NA,NA,108080,108080,0,114390,114390,0,109000,109850,96310,109680,109680,0,111160,111160,0,109270,109270,0,109010,110560,904,111450,111450,0,112540,112540,0,110600,110600,0,112490,112490,0
"2016-03-11",NA,NA,NA,NA,NA,NA,NA,NA,NA,NA,NA,NA,NA,NA,NA,NA,NA,NA,NA,NA,NA,NA,NA,NA,108080,108080,0,114390,114390,0,109950,109390,70792,109900,109760,8,111240,111240,0,107980,107980,0,109270,109190,150,110070,110070,0,110960,109490,4,107600,107600,0,112490,112490,0
"2016-03-14",NA,NA,NA,NA,NA,NA,NA,NA,NA,NA,NA,NA,NA,NA,NA,NA,NA,NA,NA,NA,NA,NA,NA,NA,108080,108080,0,109820,111240,20,109880,110300,52784,109760,109760,0,112170,112170,0,107980,107980,0,110080,110290,122,111180,111180,0,110600,110600,0,108690,108690,0,112490,112490,0
"2016-03-15",NA,NA,NA,NA,NA,NA,NA,NA,NA,NA,NA,NA,NA,NA,NA,NA,NA,NA,NA,NA,NA,NA,NA,NA,108080,108080,0,109820,111240,0,108720,109050,50468,110540,109330,18,111730,111730,0,108880,108880,0,108450,109230,98,110110,110110,0,109530,109530,0,107640,107640,0,111400,111400,0
"2016-03-16",NA,NA,NA,NA,NA,NA,NA,NA,NA,NA,NA,NA,NA,NA,NA,NA,NA,NA,NA,NA,NA,NA,NA,NA,NA,NA,NA,111240,111240,0,109500,109050,41980,109050,108990,10,111380,111380,0,108110,108110,0,109570,109130,210,110010,110010,0,109430,109430,0,107980,107980,2,109600,110610,6
"2016-03-17",NA,NA,NA,NA,NA,NA,NA,NA,NA,NA,NA,NA,NA,NA,NA,NA,NA,NA,NA,NA,NA,NA,NA,NA,NA,NA,NA,111240,111240,0,110000,109860,34100,108990,108990,0,112210,112210,0,108910,108910,0,109940,110110,252,110010,110010,0,110410,110410,0,109000,109000,0,111000,111590,4
"2016-03-18",NA,NA,NA,NA,NA,NA,NA,NA,NA,NA,NA,NA,NA,NA,NA,NA,NA,NA,NA,NA,NA,NA,NA,NA,NA,NA,NA,111240,111240,0,112860,112060,61924,111180,111180,0,114460,114460,0,108910,108910,0,113140,112490,552,113400,113400,2,113810,113810,0,112350,112350,0,112310,112310,0
"2016-03-21",NA,NA,NA,NA,NA,NA,NA,NA,NA,NA,NA,NA,NA,NA,NA,NA,NA,NA,NA,NA,NA,NA,NA,NA,NA,NA,NA,110400,110400,4,109400,110380,55704,111190,110500,8,113760,113760,0,111090,111090,0,109450,110130,856,111500,111500,2,111900,111900,0,110460,110460,0,110000,112490,4
"2016-03-22",NA,NA,NA,NA,NA,NA,NA,NA,NA,NA,NA,NA,NA,NA,NA,NA,NA,NA,NA,NA,NA,NA,NA,NA,NA,NA,NA,110400,110400,0,108990,109710,41924,111150,110250,6,113500,113500,0,110410,110410,0,109010,109510,306,110870,110870,0,111270,111270,0,109830,109830,0,112000,111990,4
"2016-03-23",NA,NA,NA,NA,NA,NA,NA,NA,NA,NA,NA,NA,NA,NA,NA,NA,NA,NA,NA,NA,NA,NA,NA,NA,NA,NA,NA,110400,110400,0,109040,109440,45664,110500,110500,4,113750,113750,0,110160,110160,0,109230,109710,520,111080,111080,0,111480,111480,0,110040,110040,0,111990,111990,2
"2016-03-24",NA,NA,NA,NA,NA,NA,NA,NA,NA,NA,NA,NA,NA,NA,NA,NA,NA,NA,NA,NA,NA,NA,NA,NA,NA,NA,NA,110400,110400,0,110270,110080,71278,110500,110500,0,114420,114420,0,110400,110400,0,109840,110170,696,111550,111550,0,111950,111950,0,110010,111380,68,111990,111990,0
"2016-03-25",NA,NA,NA,NA,NA,NA,NA,NA,NA,NA,NA,NA,NA,NA,NA,NA,NA,NA,NA,NA,NA,NA,NA,NA,NA,NA,NA,110400,110400,0,112020,111370,57208,110110,111100,28,112990,112990,0,111650,111650,0,111950,111560,932,110070,111520,4,111920,111920,0,111380,111380,0,112500,112390,6
"2016-03-28",NA,NA,NA,NA,NA,NA,NA,NA,NA,NA,NA,NA,NA,NA,NA,NA,NA,NA,NA,NA,NA,NA,NA,NA,NA,NA,NA,110400,110400,0,108600,111460,40490,109800,110700,6,112580,112580,0,111250,111250,0,108900,111510,760,110900,110900,2,111290,111290,0,111380,111380,0,111350,111350,4
"2016-03-29",NA,NA,NA,NA,NA,NA,NA,NA,NA,NA,NA,NA,NA,NA,NA,NA,NA,NA,NA,NA,NA,NA,NA,NA,NA,NA,NA,110400,110400,0,108470,108930,41094,108190,108190,0,110020,110020,0,108720,108720,0,108960,109270,766,110900,110900,0,109060,109060,0,109150,109150,0,111350,111350,0
"2016-03-30",NA,NA,NA,NA,NA,NA,NA,NA,NA,NA,NA,NA,NA,NA,NA,NA,NA,NA,NA,NA,NA,NA,NA,NA,NA,NA,NA,110400,110400,0,105090,106630,67674,107000,106220,8,108010,108010,0,108720,108720,0,106300,106980,1146,106870,106870,2,105090,105090,0,105180,105180,0,106960,107730,20
"2016-03-31",NA,NA,NA,NA,NA,NA,NA,NA,NA,NA,NA,NA,NA,NA,NA,NA,NA,NA,NA,NA,NA,NA,NA,NA,NA,NA,NA,110400,110400,0,103490,104530,69430,105200,105200,0,105890,105890,0,104640,104640,0,104060,104920,2056,106870,106870,0,103070,103070,0,103150,103150,0,107310,107310,2
"2016-04-01",NA,NA,NA,NA,NA,NA,NA,NA,NA,NA,NA,NA,NA,NA,NA,NA,NA,NA,NA,NA,NA,NA,NA,NA,NA,NA,NA,110400,110400,0,104830,104550,50800,105200,105200,0,105910,105910,0,104640,104640,0,106220,105300,1968,107260,107260,0,103440,103440,0,103150,103150,0,107310,107310,0
"2016-04-05",NA,NA,NA,NA,NA,NA,NA,NA,NA,NA,NA,NA,NA,NA,NA,NA,NA,NA,NA,NA,NA,NA,NA,NA,NA,NA,NA,110400,110400,0,105360,104790,18524,102400,104470,4,105180,105180,0,104660,104660,0,106810,106010,1688,107260,107260,0,104140,104140,0,103850,103850,0,108030,108030,0
"2016-04-06",NA,NA,NA,NA,NA,NA,NA,NA,NA,NA,NA,NA,NA,NA,NA,NA,NA,NA,NA,NA,NA,NA,NA,NA,NA,NA,NA,110400,110400,0,106040,105530,27906,104470,104470,0,105920,105920,0,104660,104660,0,107300,106940,2796,107260,107260,0,105050,105050,0,104760,104760,0,107090,107090,2
"2016-04-07",NA,NA,NA,NA,NA,NA,NA,NA,NA,NA,NA,NA,NA,NA,NA,NA,NA,NA,NA,NA,NA,NA,NA,NA,NA,NA,NA,110400,110400,0,107080,106660,24902,104800,104800,0,107060,107060,0,105780,105780,0,107750,107790,2592,107260,107260,0,105890,105890,0,105590,105590,0,107940,107940,0
"2016-04-08",NA,NA,NA,NA,NA,NA,NA,NA,NA,NA,NA,NA,NA,NA,NA,NA,NA,NA,NA,NA,NA,NA,NA,NA,NA,NA,NA,110400,110400,0,106530,106120,30624,108370,106030,10,108310,108310,0,107020,107020,0,107500,107090,3814,107260,107260,0,105210,105210,0,104910,104910,0,106660,106660,2
"2016-04-11",NA,NA,NA,NA,NA,NA,NA,NA,NA,NA,NA,NA,NA,NA,NA,NA,NA,NA,NA,NA,NA,NA,NA,NA,NA,NA,NA,110400,110400,0,109060,108640,31106,110770,108850,6,111190,111190,0,109860,109860,0,110100,109410,5028,108800,108800,0,107490,107490,0,107180,107180,0,109730,109730,2
"2016-04-12",NA,NA,NA,NA,NA,NA,NA,NA,NA,NA,NA,NA,NA,NA,NA,NA,NA,NA,NA,NA,NA,NA,NA,NA,NA,NA,NA,110400,110400,0,108440,108510,22846,108850,108850,0,111060,111060,0,109730,109730,0,109360,109400,3916,108800,108800,0,107480,107480,0,107170,107170,0,109720,109720,0
"2016-04-13",NA,NA,NA,NA,NA,NA,NA,NA,NA,NA,NA,NA,NA,NA,NA,NA,NA,NA,NA,NA,NA,NA,NA,NA,NA,NA,NA,110400,110400,0,110660,110250,30058,110590,110590,0,112840,112840,0,109730,109730,0,111220,111250,5590,109500,109500,0,109300,109300,0,108980,108980,0,111580,111580,0
"2016-04-14",NA,NA,NA,NA,NA,NA,NA,NA,NA,NA,NA,NA,NA,NA,NA,NA,NA,NA,NA,NA,NA,NA,NA,NA,NA,NA,NA,110400,110400,0,112120,112400,35104,113000,112810,34,115100,115100,0,113730,113730,0,112590,113150,7494,110500,110500,0,111170,111170,0,110850,110850,0,111580,111580,0
"2016-04-15",NA,NA,NA,NA,NA,NA,NA,NA,NA,NA,NA,NA,NA,NA,NA,NA,NA,NA,NA,NA,NA,NA,NA,NA,NA,NA,NA,110400,110400,0,111570,111890,19584,112810,112810,0,114580,114580,0,113210,113210,0,111980,112630,4606,110500,110500,0,110660,110660,0,110340,110340,0,111070,111070,0
"2016-04-18",NA,NA,NA,NA,NA,NA,NA,NA,NA,NA,NA,NA,NA,NA,NA,NA,NA,NA,NA,NA,NA,NA,NA,NA,NA,NA,NA,NA,NA,NA,110180,110670,20774,111580,111580,0,113330,113330,0,111980,111980,0,111100,111590,5374,110500,110500,0,109640,109640,0,109320,109320,0,110050,110050,0
"2016-04-19",NA,NA,NA,NA,NA,NA,NA,NA,NA,NA,NA,NA,NA,NA,NA,NA,NA,NA,NA,NA,NA,NA,NA,NA,NA,NA,NA,NA,NA,NA,111470,111180,19212,111580,111580,0,113850,113850,0,112490,112490,0,112750,112050,6332,112000,110750,4,109880,109880,0,109560,109560,0,110050,110050,0
"2016-04-20",NA,NA,NA,NA,NA,NA,NA,NA,NA,NA,NA,NA,NA,NA,NA,NA,NA,NA,NA,NA,NA,NA,NA,NA,NA,NA,NA,NA,NA,NA,111440,111700,19258,112100,112100,0,114380,114380,0,112490,112490,0,112250,112630,6356,110750,110750,0,110450,110450,0,110130,110130,0,111400,111400,0
"2016-04-21",NA,NA,NA,NA,NA,NA,NA,NA,NA,NA,NA,NA,NA,NA,NA,NA,NA,NA,NA,NA,NA,NA,NA,NA,NA,NA,NA,NA,NA,NA,114400,112200,20964,112780,114460,10,116790,116790,0,115140,115140,2,115500,113710,10240,112500,112500,0,111510,111510,0,111190,111190,0,112470,112470,0
"2016-04-22",NA,NA,NA,NA,NA,NA,NA,NA,NA,NA,NA,NA,NA,NA,NA,NA,NA,NA,NA,NA,NA,NA,NA,NA,NA,NA,NA,NA,NA,NA,111460,112230,19430,114500,114500,0,116830,116830,0,115180,115180,0,111950,112770,10398,111570,111570,0,114110,112130,4,111800,111800,0,113090,113090,0
"2016-04-25",NA,NA,NA,NA,NA,NA,NA,NA,NA,NA,NA,NA,NA,NA,NA,NA,NA,NA,NA,NA,NA,NA,NA,NA,NA,NA,NA,NA,NA,NA,109520,111150,16102,113400,113400,0,115710,115710,0,114070,114070,0,111320,112300,9130,111100,111100,0,111660,111660,0,111330,111330,0,112620,112620,0
"2016-04-26",NA,NA,NA,NA,NA,NA,NA,NA,NA,NA,NA,NA,NA,NA,NA,NA,NA,NA,NA,NA,NA,NA,NA,NA,NA,NA,NA,NA,NA,NA,108100,109140,9102,111800,111800,2,114070,114070,0,112460,112460,0,110000,110870,6890,110740,111820,102,112390,112390,0,112050,112050,0,110210,110210,2
"2016-04-27",NA,NA,NA,NA,NA,NA,NA,NA,NA,NA,NA,NA,NA,NA,NA,NA,NA,NA,NA,NA,NA,NA,NA,NA,NA,NA,NA,NA,NA,NA,108300,108660,5110,109000,110420,64,112660,112660,0,111070,111070,0,110100,110390,8192,112330,110370,12,110940,110940,0,111010,111610,12,109770,109770,0
"2016-04-28",NA,NA,NA,NA,NA,NA,NA,NA,NA,NA,NA,NA,NA,NA,NA,NA,NA,NA,NA,NA,NA,NA,NA,NA,NA,NA,NA,NA,NA,NA,106780,107510,4248,108010,108380,10,110580,110580,0,109020,109020,0,108800,108940,9694,108920,108920,0,109800,109290,24,109950,109950,0,110580,110210,8
"2016-04-29",NA,NA,NA,NA,NA,NA,NA,NA,NA,NA,NA,NA,NA,NA,NA,NA,NA,NA,NA,NA,NA,NA,NA,NA,NA,NA,NA,NA,NA,NA,108120,108370,3898,107230,106890,6,110580,110580,0,107660,107660,2,110330,110190,12784,110450,110450,4,110820,110820,0,111490,111490,0,110580,110580,2
"2016-05-03",NA,NA,NA,NA,NA,NA,NA,NA,NA,NA,NA,NA,NA,NA,NA,NA,NA,NA,NA,NA,NA,NA,NA,NA,NA,NA,NA,NA,NA,NA,110860,109300,730,107800,107800,0,111530,111530,0,109050,110270,4,112400,111100,9112,110500,110500,0,111730,111730,0,112410,112410,0,110580,110580,0
"2016-05-04",NA,NA,NA,NA,NA,NA,NA,NA,NA,NA,NA,NA,NA,NA,NA,NA,NA,NA,NA,NA,NA,NA,NA,NA,NA,NA,NA,NA,NA,NA,110240,110400,856,108800,108800,0,112660,112660,0,111380,111380,0,112040,112280,19180,110500,110500,0,112920,112920,0,113600,113600,0,110580,110580,0
"2016-05-05",NA,NA,NA,NA,NA,NA,NA,NA,NA,NA,NA,NA,NA,NA,NA,NA,NA,NA,NA,NA,NA,NA,NA,NA,NA,NA,NA,NA,NA,NA,111680,111010,1000,109400,109400,0,113280,113280,0,111400,111400,0,113480,113190,30476,112200,112200,0,113840,113840,0,114520,114520,0,112500,112500,0
"2016-05-06",NA,NA,NA,NA,NA,NA,NA,NA,NA,NA,NA,NA,NA,NA,NA,NA,NA,NA,NA,NA,NA,NA,NA,NA,NA,NA,NA,NA,NA,NA,109010,110330,504,108730,108730,0,112590,112590,0,111400,111400,0,111360,112160,41310,112000,112000,0,112810,112810,0,113480,113480,0,111480,111480,0
"2016-05-09",NA,NA,NA,NA,NA,NA,NA,NA,NA,NA,NA,NA,NA,NA,NA,NA,NA,NA,NA,NA,NA,NA,NA,NA,NA,NA,NA,NA,NA,NA,108800,109710,360,108110,108110,0,111950,111950,0,109000,109000,2,110770,111590,33068,111430,111430,0,112240,112240,0,112900,112900,0,110910,110910,0
"2016-05-10",NA,NA,NA,NA,NA,NA,NA,NA,NA,NA,NA,NA,NA,NA,NA,NA,NA,NA,NA,NA,NA,NA,NA,NA,NA,NA,NA,NA,NA,NA,107900,106710,620,108000,108000,2,111830,111830,0,109000,109000,0,108930,108780,38566,110250,110250,0,109410,109410,0,110050,110050,0,108110,108110,0
"2016-05-11",NA,NA,NA,NA,NA,NA,NA,NA,NA,NA,NA,NA,NA,NA,NA,NA,NA,NA,NA,NA,NA,NA,NA,NA,NA,NA,NA,NA,NA,NA,108440,107480,564,108780,108780,0,112640,112640,0,108190,108190,2,109550,108940,26656,110410,110410,0,109570,109570,0,110210,110210,0,108110,108110,0
"2016-05-12",NA,NA,NA,NA,NA,NA,NA,NA,NA,NA,NA,NA,NA,NA,NA,NA,NA,NA,NA,NA,NA,NA,NA,NA,NA,NA,NA,NA,NA,NA,109100,108400,204,109980,109710,6,110730,109730,90,105390,105390,0,110820,110510,25600,112000,112000,0,111150,111150,0,111800,111800,0,108110,108110,0
"2016-05-13",NA,NA,NA,NA,NA,NA,NA,NA,NA,NA,NA,NA,NA,NA,NA,NA,NA,NA,NA,NA,NA,NA,NA,NA,NA,NA,NA,NA,NA,NA,107300,106550,360,107830,107830,0,107850,107850,0,103590,103590,0,107500,108340,33972,109800,109800,0,108960,108960,0,109600,109600,0,108020,108460,4
"2016-05-16",NA,NA,NA,NA,NA,NA,NA,NA,NA,NA,NA,NA,NA,NA,NA,NA,NA,NA,NA,NA,NA,NA,NA,NA,NA,NA,NA,NA,NA,NA,107890,107300,256,108590,108590,0,108610,108610,0,104320,104320,0,107860,107840,22214,109300,109300,0,108460,108460,0,109100,109100,0,107960,107960,0
"2016-05-17",NA,NA,NA,NA,NA,NA,NA,NA,NA,NA,NA,NA,NA,NA,NA,NA,NA,NA,NA,NA,NA,NA,NA,NA,NA,NA,NA,NA,NA,NA,NA,NA,NA,108590,108590,0,108610,108610,0,104320,104320,0,107860,107840,22214,109300,109300,0,108460,108460,0,109100,109100,0,107960,107960,0
